config,target,runs,mean_qps,std_qps,min_qps,max_qps,mean_p95_ms,std_p95_ms,min_p95_ms,max_p95_ms,mean_avg_ms,mean_p99_ms,cpu_avg_percent,cpu_max_percent,any_cpu_warning
ibench-cpu,5000.0,3,4986.599999999999,5.7166423711826395,4980.0,4990.0,1.3245333333333333,0.3106180505594184,1.0812,1.6744,0.3993,2.234766666666667,66.74333333333333,100.0,True
ibench-cpu,10000.0,3,9974.199999999999,24.65197760829749,9955.0,10002.0,1.5840666666666667,0.3094192355580586,1.2512999999999999,1.8631,0.49016666666666664,2.4478666666666666,66.74333333333333,100.0,True
ibench-cpu,15000.0,3,14834.666666666666,216.61923583406272,14587.6,14992.0,3.7719,3.7349020924249143,1.4437,8.0799,1.412466666666667,5.5208,66.74333333333333,100.0,True
ibench-cpu,20000.0,3,18589.766666666666,2459.4532813886367,15750.2,20049.0,4.1209,4.0165485220522354,1.7186,8.7578,1.9752333333333334,6.4389666666666665,66.74333333333333,100.0,True
ibench-cpu,25000.0,3,20939.433333333334,3801.0436255498744,17100.2,24701.1,6.895433333333333,1.3301069368037042,5.4405,8.049,3.462566666666667,9.026066666666667,66.74333333333333,100.0,True
ibench-cpu,30000.0,3,21606.466666666667,3572.0743124035557,17534.4,24211.2,6.7425,1.122354975041319,5.7808,7.9757,3.370033333333333,8.858966666666666,66.74333333333333,100.0,True
ibench-cpu,35000.0,3,22889.266666666666,2421.116736824834,20329.4,25142.4,6.427466666666667,0.9985929567813572,5.5004,7.4848,3.1464,8.194666666666668,66.74333333333333,100.0,True
ibench-cpu,40000.0,3,23003.2,1668.304876214176,21272.2,24600.8,6.2687333333333335,0.7547454692367039,5.524100000000001,7.0332,3.115166666666667,8.055866666666667,66.74333333333333,100.0,True
ibench-cpu,45000.0,3,23049.600000000002,1812.8116063176567,21078.0,24644.4,6.3791,0.7383993025457161,5.6838999999999995,7.1541999999999994,3.1142,8.0415,66.74333333333333,100.0,True
ibench-cpu,50000.0,3,23808.533333333336,1149.4479080555739,22561.8,24826.2,5.970366666666666,0.5588763936089383,5.5569,6.606199999999999,3.0005666666666664,8.028433333333334,66.74333333333333,100.0,True
ibench-cpu,55000.0,3,23405.066666666666,1626.5998442559046,21538.2,24517.2,6.156466666666667,0.7413138156903142,5.652,7.0076,3.066133333333333,8.030833333333334,66.74333333333333,100.0,True
ibench-cpu,60000.0,3,23618.666666666668,1444.2241423454104,22046.8,24887.0,6.028366666666667,0.7089014694111824,5.5207,6.8383,3.028166666666667,8.022333333333334,66.74333333333333,100.0,True
ibench-cpu,65000.0,3,23418.666666666668,1324.9731972131856,22037.2,24678.8,6.1607666666666665,0.6249571691990847,5.6632,6.8622,3.0541666666666667,8.0328,66.74333333333333,100.0,True
ibench-cpu,70000.0,3,18382.666666666668,8673.826305231927,8555.2,24970.0,10.569166666666668,7.042961973724785,5.6196,18.6323,5.1188666666666665,14.061599999999999,66.74333333333333,100.0,True
ibench-cpu,75000.0,3,23203.5,1615.6168140991851,22009.2,25041.8,6.3028,0.6718770423224774,5.535399999999999,6.7852,3.089566666666667,8.045499999999999,66.74333333333333,100.0,True
ibench-cpu,80000.0,3,23368.266666666666,1288.3583559450117,22184.4,24740.4,6.125,0.5979170427408809,5.5513,6.7445,3.0582999999999996,8.030299999999999,66.74333333333333,100.0,True
ibench-l1d,5000.0,3,4994.866666666667,11.545273203061448,4985.6,5007.8,0.6958333333333333,0.49665942388455014,0.3925,1.269,0.3475,1.189933333333333,66.47333333333334,100.0,True
ibench-l1d,10000.0,3,10042.733333333334,68.8779597065222,9963.6,10089.2,0.48146666666666665,0.008401388774085704,0.4723,0.4888,0.32716666666666666,0.6676666666666667,66.47333333333334,100.0,True
ibench-l1d,15000.0,3,15001.533333333333,19.110555547480754,14982.8,15021.0,0.5408666666666667,0.02745620755554807,0.5093,0.5592,0.34676666666666667,0.7291666666666666,66.47333333333334,100.0,True
ibench-l1d,20000.0,3,19971.600000000002,52.58174588200977,19932.6,20031.4,0.5986666666666666,0.026994320390284612,0.57,0.6236,0.3656,0.9205,66.47333333333334,100.0,True
ibench-l1d,25000.0,3,25008.399999999998,69.14680035981453,24936.8,25074.8,1.4064000000000003,1.3234685602612555,0.6157999999999999,2.9343000000000004,0.5194666666666666,2.4114999999999998,66.47333333333334,100.0,True
ibench-l1d,30000.0,3,30001.066666666666,88.51899984372386,29901.8,30071.8,0.7261333333333333,0.044299021810118334,0.6779,0.765,0.40486666666666665,1.0227666666666666,66.47333333333334,100.0,True
ibench-l1d,35000.0,3,34893.066666666666,188.43421486909978,34676.2,35016.8,2.0352,1.2271773954893397,0.8872000000000001,3.3286,1.0402,4.1052,66.47333333333334,100.0,True
ibench-l1d,40000.0,3,34862.73333333333,840.3539571712179,34057.4,35734.2,3.4559333333333337,0.08708400159233223,3.3654,3.5391,2.0302000000000002,7.868100000000001,66.47333333333334,100.0,True
ibench-l1d,45000.0,3,34977.799999999996,1090.6498429835299,34123.2,36206.2,3.460566666666667,0.13887225544842768,3.3162,3.5932,2.0353333333333334,7.872466666666667,66.47333333333334,100.0,True
ibench-l1d,50000.0,3,35722.4,1192.0255701955425,34716.0,37038.8,3.3857666666666666,0.09740463712438605,3.2792,3.4701999999999997,1.9883333333333333,7.862966666666668,66.47333333333334,100.0,True
ibench-l1d,55000.0,3,34581.43333333333,444.1955237655272,34126.2,35013.7,3.5132333333333334,0.0564490330593301,3.4693,3.5769,2.0591,7.8754333333333335,66.47333333333334,100.0,True
ibench-l1d,60000.0,3,34340.13333333333,1002.6018618241902,33269.8,35257.4,3.5528333333333335,0.14351589923535762,3.4081,3.6951,2.076233333333333,7.891566666666667,66.47333333333334,100.0,True
ibench-l1d,65000.0,3,35006.200000000004,839.7030189299064,34279.8,35925.6,3.4504333333333332,0.08025324500188954,3.3586,3.5071,2.036633333333333,7.873966666666667,66.47333333333334,100.0,True
ibench-l1d,70000.0,3,34695.86666666666,383.30970941698587,34461.2,35138.2,3.5162666666666667,0.08344227545634958,3.4344,3.6012,2.0551666666666666,7.880066666666667,66.47333333333334,100.0,True
ibench-l1d,75000.0,3,34516.566666666666,801.2761716994576,33894.7,35420.8,3.5194000000000005,0.10338573402554138,3.4073,3.611,2.0634666666666663,7.878799999999999,66.47333333333334,100.0,True
ibench-l1d,80000.0,3,35044.4,922.4958102885863,34508.6,36109.6,3.4897333333333336,0.08894972362707687,3.3895999999999997,3.5596,2.0324,7.866433333333333,66.47333333333334,100.0,True
ibench-l1i,5000.0,3,4998.533333333333,35.853219288277714,4959.4,5029.8,1.6540333333333332,0.24031488371162826,1.3805999999999998,1.8317,0.4945,3.0451,66.5,100.0,True
ibench-l1i,10000.0,3,10016.800000000001,15.928590647009514,10005.4,10035.0,1.7423333333333335,0.23127019551453948,1.4793,1.9138,0.5735,2.7129666666666665,66.5,100.0,True
ibench-l1i,15000.0,3,15019.566666666666,103.64083815433627,14900.1,15085.4,3.3615666666666666,2.764041016941198,1.602,6.5474,1.0085,4.783933333333334,66.5,100.0,True
ibench-l1i,20000.0,3,18599.533333333333,2302.0242599358794,15941.6,19957.8,4.069,3.758435529578763,1.7841,8.406799999999999,1.9936333333333334,5.942533333333334,66.5,100.0,True
ibench-l1i,25000.0,3,20284.133333333335,3211.3672498381966,16580.6,22296.4,7.2154,0.7183743592306175,6.7068,8.0372,3.5750333333333333,9.096966666666667,66.5,100.0,True
ibench-l1i,30000.0,3,19482.466666666667,5907.9969171736475,12662.6,23039.0,7.935466666666666,2.665304953158894,6.3328,11.0122,4.018833333333333,10.667933333333332,66.5,100.0,True
ibench-l1i,35000.0,3,19288.333333333332,6423.676250663115,11902.2,23570.8,8.780333333333333,4.183491621042564,6.0893999999999995,13.600100000000001,4.178633333333333,11.266033333333333,66.5,100.0,True
ibench-l1i,40000.0,3,21024.533333333336,3935.7800209530683,16572.0,24039.2,6.9087,1.0473044304308083,5.9894,8.0488,3.5104333333333333,8.810066666666666,66.5,100.0,True
ibench-l1i,45000.0,3,20582.466666666664,4708.820592604196,15165.0,23692.8,7.396866666666667,1.9416933700595806,6.0922,9.6283,3.6632666666666664,10.557933333333333,66.5,100.0,True
ibench-l1i,50000.0,3,20613.433333333334,4835.372236274405,15031.4,23511.7,7.114433333333333,1.614680483356796,6.0394,8.971200000000001,3.6558333333333337,10.256633333333333,66.5,100.0,True
ibench-l1i,55000.0,3,19368.733333333334,5893.923997926452,12563.4,22834.0,8.136666666666667,2.7701041935879123,6.5059,11.3351,4.071533333333334,10.711933333333334,66.5,100.0,True
ibench-l1i,60000.0,3,18587.2,9079.03440460493,8112.4,24195.8,11.301966666666667,9.228450174505648,5.8441,21.957,5.314233333333333,15.120966666666666,66.5,100.0,True
ibench-l1i,65000.0,3,20708.066666666666,4519.426920897531,15506.0,23668.4,7.194566666666667,1.6571893082364892,5.9905,9.0846,3.6198333333333337,10.3166,66.5,100.0,True
ibench-l1i,70000.0,3,21269.733333333334,3384.709856595294,17365.0,23367.2,6.873666666666668,0.9551728028651848,6.28,7.9755,3.4418666666666664,8.942966666666665,66.5,100.0,True
ibench-l1i,75000.0,3,22119.2,2968.4643656274543,18825.7,24588.4,6.5973,1.0465583213562442,5.670100000000001,7.7321,3.2802333333333333,8.459033333333332,66.5,100.0,True
ibench-l1i,80000.0,3,20809.666666666668,4390.4916004171255,15774.0,23835.4,7.2340333333333335,1.3694365130714645,6.3318,8.8098,3.5865666666666667,10.041400000000001,66.5,100.0,True
ibench-l2,5000.0,3,5005.066666666667,66.08610544837205,4933.4,5063.6,0.5421666666666667,0.20616899217227921,0.3979,0.7783,0.3377333333333334,1.0086666666666666,66.74,100.0,True
ibench-l2,10000.0,3,10046.133333333333,53.28201697883994,9984.8,10081.0,0.7765666666666666,0.4979506936769275,0.4745,1.3513,0.4108,1.6336666666666666,66.74,100.0,True
ibench-l2,15000.0,3,14910.333333333334,5.001333155603144,14904.6,14913.8,0.6127333333333334,0.15146122716171728,0.5067,0.7862,0.3760333333333333,1.1411666666666667,66.74,100.0,True
ibench-l2,20000.0,3,19987.8,24.681166909201934,19969.2,20015.8,0.6733666666666666,0.10269139853626176,0.5973999999999999,0.7902,0.3886,0.8943333333333334,66.74,100.0,True
ibench-l2,25000.0,3,25103.86666666667,67.85199579476912,25037.6,25173.2,1.1822,0.7557758860932254,0.6625,2.0492,0.5046666666666667,2.3698,66.74,100.0,True
ibench-l2,30000.0,3,29701.666666666668,449.942455579971,29182.2,29969.4,2.0885333333333334,1.7127470108960439,0.7042,4.0039,0.9903000000000001,3.8644,66.74,100.0,True
ibench-l2,35000.0,3,30012.86666666667,6208.463759524843,23037.8,34934.4,4.1376,2.105213464235872,2.1746999999999996,6.3609,2.0821,6.585,66.74,100.0,True
ibench-l2,40000.0,3,28636.333333333332,8824.733675490343,18666.4,35445.1,5.019333333333333,2.4249111413273132,3.4159,7.809,2.7012,8.771066666666668,66.74,100.0,True
ibench-l2,45000.0,3,29718.13333333333,6850.7776677785505,22102.4,35379.0,4.703866666666666,1.8231649742503644,3.439,6.793699999999999,2.5038666666666667,7.964033333333333,66.74,100.0,True
ibench-l2,50000.0,3,30785.566666666666,6655.432992926404,23200.4,35647.6,4.714799999999999,2.0756260669976183,3.4072,7.1081,2.4074333333333335,8.086366666666667,66.74,100.0,True
ibench-l2,55000.0,3,31233.100000000002,4970.9212616978775,25802.1,35557.4,4.221733333333334,1.0389844095718346,3.4415,5.4011000000000005,2.3255666666666666,7.9293000000000005,66.74,100.0,True
ibench-l2,60000.0,3,30651.866666666665,6560.2015741388095,23078.8,34589.2,4.648466666666667,1.872983300334878,3.5649,6.8111999999999995,2.4116,7.964133333333334,66.74,100.0,True
ibench-l2,65000.0,3,30888.033333333336,6324.769475904503,23589.2,34756.5,4.479133333333333,1.5900314787240326,3.5502,6.3151,2.3922333333333334,7.950300000000001,66.74,100.0,True
ibench-l2,70000.0,3,30822.0,4820.317412785179,25475.0,34834.4,4.2316666666666665,0.9077434347508846,3.5169,5.253,2.3613666666666666,7.948,66.74,100.0,True
ibench-l2,75000.0,3,32062.066666666666,2357.5939797457345,29618.6,34323.2,3.8787,0.35039479162795795,3.5566,4.2518,2.2343333333333333,7.915233333333333,66.74,100.0,True
ibench-l2,80000.0,3,32491.600000000002,3278.937089972909,29499.4,35996.8,3.800266666666667,0.42923874863918476,3.3568000000000002,4.2137,2.2081,7.900033333333333,66.74,100.0,True
ibench-llc,5000.0,3,4989.466666666666,42.728132808880126,4952.4,5036.2,0.5148,0.006449030934954456,0.5091,0.5217999999999999,0.3557333333333334,1.1089333333333333,66.06333333333333,100.0,True
ibench-llc,10000.0,3,10029.466666666667,34.6065504396687,9993.4,10062.4,0.6473666666666666,0.04498003260707282,0.6113999999999999,0.6978,0.42816666666666664,1.9194333333333333,66.06333333333333,100.0,True
ibench-llc,15000.0,3,14965.933333333334,34.72021505309734,14938.6,15005.0,0.8115666666666667,0.10016867441138147,0.7102999999999999,0.9106000000000001,0.5028666666666667,3.3481,66.06333333333333,100.0,True
ibench-llc,20000.0,3,19974.466666666664,69.80955044500449,19916.6,20052.0,1.3121666666666667,0.4900759771028706,0.9602,1.8719000000000001,0.5850666666666666,4.1447,66.06333333333333,100.0,True
ibench-llc,25000.0,3,24943.466666666664,86.50556822155052,24856.4,25029.4,1.8624666666666665,0.5585969954567723,1.2335999999999998,2.3011,0.7370666666666666,5.0530333333333335,66.06333333333333,100.0,True
ibench-llc,30000.0,3,28694.86666666667,1169.6553566471316,27571.4,29905.8,3.858966666666666,0.9529101968881081,2.7633,4.4944,2.093366666666667,7.858666666666667,66.06333333333333,100.0,True
ibench-llc,35000.0,3,31457.600000000002,2478.922766041732,28796.4,33701.2,3.867766666666667,0.30291979686599096,3.5798,4.1837,2.2536333333333336,7.971900000000001,66.06333333333333,100.0,True
ibench-llc,40000.0,3,30735.333333333332,4023.7384225783535,27408.0,35207.4,3.9855666666666667,0.5267926948367192,3.4238000000000004,4.4685,2.350966666666667,7.9513,66.06333333333333,100.0,True
ibench-llc,45000.0,3,31168.233333333334,3547.9279676077626,28646.8,35225.3,3.9711,0.47521906527411123,3.4231,4.269699999999999,2.314433333333333,7.9525,66.06333333333333,100.0,True
ibench-llc,50000.0,3,31620.03333333333,3479.8013080251194,28383.8,35300.7,3.9224666666666663,0.45500710250866794,3.4522,4.3605,2.282666666666667,7.9751666666666665,66.06333333333333,100.0,True
ibench-llc,55000.0,3,30800.100000000002,2379.6004223398527,28511.0,33260.9,3.9948,0.3486981932846798,3.6855,4.3727,2.3366000000000002,7.9575000000000005,66.06333333333333,100.0,True
ibench-llc,60000.0,3,30208.266666666666,2660.4198265186133,27139.2,31858.8,4.153933333333334,0.4870299819655187,3.8703000000000003,4.7163,2.3868000000000005,7.969566666666666,66.06333333333333,100.0,True
ibench-llc,65000.0,3,30172.0,2066.002817035833,28883.8,32555.0,4.1153,0.31491184480740053,3.7592,4.3571,2.3849666666666667,7.9878,66.06333333333333,100.0,True
ibench-llc,70000.0,3,31255.466666666664,3828.613959820622,28389.6,35603.6,3.9837000000000002,0.49632073299430046,3.4106,4.2715,2.3136666666666668,7.9472,66.06333333333333,100.0,True
ibench-llc,75000.0,3,29790.8,2094.4082123597605,28574.4,32209.2,4.122833333333333,0.3177101561696342,3.758,4.3386000000000005,2.413866666666667,7.9633666666666665,66.06333333333333,100.0,True
ibench-llc,80000.0,3,30172.0,1997.7868154535417,28093.6,32078.0,4.176333333333333,0.5163747605502548,3.797,4.764399999999999,2.3853333333333335,7.973300000000001,66.06333333333333,100.0,True
ibench-membw,5000.0,3,5008.400000000001,24.367191056828755,4980.4,5024.8,0.41663333333333336,0.012079045216130853,0.4032,0.42660000000000003,0.2950333333333333,0.7165666666666667,66.74333333333334,100.0,True
ibench-membw,10000.0,3,9991.266666666666,62.749130140052365,9919.2,10033.8,0.47409999999999997,0.012700787377166813,0.4602,0.48510000000000003,0.32436666666666664,0.7779666666666666,66.74333333333334,100.0,True
ibench-membw,15000.0,3,15031.666666666666,36.777348100879536,14989.2,15053.0,0.5493333333333333,0.02106901358235192,0.5357000000000001,0.5736,0.3659666666666667,1.3404666666666667,66.74333333333334,100.0,True
ibench-membw,20000.0,3,19968.266666666666,39.351916514109234,19923.8,19998.6,0.6743,0.10866834865773926,0.5864,0.7958,0.4000333333333333,1.3114333333333332,66.74333333333334,100.0,True
ibench-membw,25000.0,3,24962.733333333334,97.59535508072746,24895.0,25074.6,1.1380333333333332,0.6354155674307431,0.6397999999999999,1.8536,0.5264333333333334,2.7605333333333335,66.74333333333334,100.0,True
ibench-membw,30000.0,3,30007.466666666664,56.994853568839766,29947.0,30060.2,0.8658666666666667,0.26601447955578156,0.6865,1.1715,0.4519666666666667,1.8518333333333334,66.74333333333334,100.0,True
ibench-membw,35000.0,3,34927.96666666667,85.81447041923157,34858.8,35024.0,1.0742666666666667,0.3366562688163304,0.853,1.4617,0.5171666666666667,2.0952333333333333,66.74333333333334,100.0,True
ibench-membw,40000.0,3,39962.700000000004,87.48091220375146,39896.2,40061.8,1.5644333333333333,0.40434941985037304,1.0983,1.8207,0.6956333333333333,2.852833333333333,66.74333333333334,100.0,True
ibench-membw,45000.0,3,42590.46666666667,2379.4664976278464,39843.4,44009.6,2.7653,0.20023139114534458,2.6344000000000003,2.9958,1.6323999999999999,7.683233333333334,66.74333333333334,100.0,True
ibench-membw,50000.0,3,43335.63333333333,1508.9077252547083,41987.0,44965.3,2.713266666666667,0.09393962600166872,2.6092,2.7918000000000003,1.6141666666666667,7.660733333333333,66.74333333333334,100.0,True
ibench-membw,55000.0,3,44632.0,2057.456458834548,42583.4,46698.2,2.6298,0.12262874866849081,2.5014000000000003,2.7457,1.5630333333333333,7.6001666666666665,66.74333333333334,100.0,True
ibench-membw,60000.0,3,43214.46666666667,4002.648674731936,38957.4,46901.6,2.7495666666666665,0.2817549348872765,2.495,3.0523000000000002,1.6306333333333332,7.6656,66.74333333333334,100.0,True
ibench-membw,65000.0,3,43490.13333333333,2656.0536239566654,41551.6,46517.6,2.7140333333333335,0.17562347033734796,2.5169,2.8538,1.6108666666666667,7.637833333333333,66.74333333333334,100.0,True
ibench-membw,70000.0,3,45143.13333333333,3967.966816057479,42162.4,49647.0,2.6201,0.2354124253305249,2.3562,2.8085,1.5538999999999998,7.470466666666667,66.74333333333334,100.0,True
ibench-membw,75000.0,3,44219.833333333336,574.6771818450205,43660.6,44808.8,2.6719666666666666,0.03860522417152048,2.6275999999999997,2.6979,1.5783666666666667,7.621933333333334,66.74333333333334,100.0,True
ibench-membw,80000.0,3,46511.0,1834.751569014183,44827.8,48466.8,2.5305666666666666,0.10245468917201053,2.423,2.627,1.4935,7.396333333333334,66.74333333333334,100.0,True
no-ibench,5000.0,3,4996.466666666666,39.254214211131114,4953.2,5029.8,0.5713333333333334,0.2974726429998788,0.396,0.9148,0.33326666666666666,1.0191666666666666,66.80333333333333,100.0,True
no-ibench,10000.0,3,9941.133333333333,4.6317743180485405,9936.0,9945.0,0.4670666666666667,0.022179795610720445,0.44639999999999996,0.4905,0.328,0.5912333333333333,66.80333333333333,100.0,True
no-ibench,15000.0,3,15003.800000000001,33.77158568974784,14966.0,15031.0,0.5154333333333333,0.02207857181371416,0.49019999999999997,0.5312,0.34226666666666666,0.6840666666666667,66.80333333333333,100.0,True
no-ibench,20000.0,3,19937.866666666665,128.97229676691498,19803.0,20060.0,0.5690333333333334,0.001530795000427306,0.5681,0.5708,0.3565333333333333,0.7221666666666667,66.80333333333333,100.0,True
no-ibench,25000.0,3,25015.666666666668,33.62994697190653,24980.0,25046.8,0.6030333333333333,0.0067002487516011205,0.5971000000000001,0.6103,0.3618666666666666,0.7616,66.80333333333333,100.0,True
no-ibench,30000.0,3,30035.13333333333,161.25263822131276,29863.2,30183.0,0.6528666666666667,0.027124957757263535,0.6216,0.6701,0.37600000000000006,0.802,66.80333333333333,100.0,True
no-ibench,35000.0,3,34892.86666666667,139.10346269354156,34794.4,35052.0,0.6992333333333334,0.02097196541417454,0.6811,0.7222000000000001,0.39030000000000004,0.9036666666666666,66.80333333333333,100.0,True
no-ibench,40000.0,3,40031.73333333333,106.53550268963431,39918.0,40129.2,0.8777,0.11229759569999706,0.7482000000000001,0.9482,0.45153333333333334,1.4641333333333335,66.80333333333333,100.0,True
no-ibench,45000.0,3,44986.53333333333,32.98095409980288,44952.3,45018.1,1.8576666666666668,0.4813669736628526,1.4072,2.3649,0.9183666666666667,3.1493,66.80333333333333,100.0,True
no-ibench,50000.0,3,44818.26666666666,1735.2371749514014,42956.4,46390.4,2.6228666666666665,0.10404024862202788,2.5342,2.7374,1.5507333333333333,7.558066666666666,66.80333333333333,100.0,True
no-ibench,55000.0,3,45106.06666666667,1738.7655659499724,43238.4,46678.0,2.6206333333333336,0.10011295287490675,2.5254000000000003,2.725,1.5466,7.542633333333334,66.80333333333333,100.0,True
no-ibench,60000.0,3,45651.53333333333,1170.792489441806,44506.4,46846.4,2.5782666666666665,0.06816922570583696,2.517,2.6517,1.5222,7.460966666666667,66.80333333333333,100.0,True
no-ibench,65000.0,3,45344.96666666667,692.9085245061833,44837.0,46134.3,2.599066666666667,0.032283948539999434,2.5625999999999998,2.624,1.5334666666666668,7.5393,66.80333333333333,100.0,True
no-ibench,70000.0,3,44755.13333333333,2117.902144418704,42693.8,46925.4,2.6382,0.11211427206203488,2.5223,2.7460999999999998,1.5591333333333335,7.549366666666667,66.80333333333333,100.0,True
no-ibench,75000.0,3,45551.73333333334,1203.5752129939094,44245.8,46616.4,2.5796666666666663,0.07760440279606143,2.522,2.6679,1.5282666666666664,7.535,66.80333333333333,100.0,True
no-ibench,80000.0,3,45438.73333333334,1484.3261276866813,43828.2,46751.8,2.5962666666666667,0.0967732056580401,2.5098000000000003,2.7008,1.5339333333333334,7.552066666666668,66.80333333333333,100.0,True
