type,avg,std,min,p5,p10,p50,p67,p75,p80,p85,p90,p95,p99,p999,p9999,QPS,target,p95_ms,avg_ms,p99_ms,cpu_avg_percent,cpu_min_percent,cpu_max_percent,cpu_warning,run,config,source_file
read,419.2,468.6,101.3,210.3,233.7,326.5,369.6,400.4,432.2,494.9,625.6,914.8,2096.2,7736.4,10024.7,5006.4,5000.0,0.9148,0.41919999999999996,2.0961999999999996,66.6,0.5,100.0,True,run1,no-ibench,part1-experiments/run1/no-ibench.txt
read,345.2,134.6,93.8,206.1,235.6,338.6,376.6,397.0,411.9,429.9,453.7,490.5,586.8,1342.3,7092.9,9942.4,10000.0,0.4905,0.3452,0.5868,66.6,0.5,100.0,True,run1,no-ibench,part1-experiments/run1/no-ibench.txt
read,346.8,130.6,86.8,174.2,206.2,343.5,389.4,413.9,431.8,453.9,481.2,524.9,623.9,1013.9,3918.6,15014.4,15000.0,0.5248999999999999,0.3468,0.6239,66.6,0.5,100.0,True,run1,no-ibench,part1-experiments/run1/no-ibench.txt
read,366.5,147.0,86.8,170.1,199.9,364.0,417.1,445.3,464.9,489.2,519.4,568.2,678.9,1534.6,4395.9,20060.0,20000.0,0.5682,0.3665,0.6789,66.6,0.5,100.0,True,run1,no-ibench,part1-experiments/run1/no-ibench.txt
read,376.0,169.0,86.8,162.0,189.2,368.3,429.5,462.4,486.6,514.4,550.1,610.3,770.1,1910.6,3112.8,24980.0,25000.0,0.6103,0.376,0.7701,66.6,0.5,100.0,True,run1,no-ibench,part1-experiments/run1/no-ibench.txt
read,373.2,175.2,86.8,160.7,184.7,362.5,430.8,466.8,493.4,524.0,562.3,621.6,760.9,1759.6,4542.9,29863.2,30000.0,0.6216,0.3732,0.7609,66.6,0.5,100.0,True,run1,no-ibench,part1-experiments/run1/no-ibench.txt
read,393.8,207.3,86.8,155.6,183.3,373.3,448.6,490.9,521.4,557.2,604.2,681.1,933.5,2223.5,5376.4,34794.4,35000.0,0.6811,0.39380000000000004,0.9335,66.6,0.5,100.0,True,run1,no-ibench,part1-experiments/run1/no-ibench.txt
read,418.4,228.6,86.8,162.6,192.8,388.0,474.5,524.7,559.7,600.8,655.8,748.2,1045.4,2079.2,7220.0,40129.2,40000.0,0.7482000000000001,0.4184,1.0454,66.6,0.5,100.0,True,run1,no-ibench,part1-experiments/run1/no-ibench.txt
read,918.1,700.2,93.8,239.3,310.5,831.7,1098.1,1199.9,1268.9,1359.9,1489.6,1800.9,2712.6,7994.9,9414.7,44952.3,45000.0,1.8009000000000002,0.9181,2.7126,66.6,0.5,100.0,True,run1,no-ibench,part1-experiments/run1/no-ibench.txt
read,1489.9,848.9,118.1,1040.5,1101.2,1283.4,1407.6,1491.0,1566.1,1670.3,1984.3,2534.2,7484.4,8814.1,11644.6,46390.4,50000.0,2.5342,1.4899,7.4844,66.6,0.5,100.0,True,run1,no-ibench,part1-experiments/run1/no-ibench.txt
read,1537.9,884.9,118.1,1060.6,1116.7,1330.1,1452.8,1540.2,1609.0,1717.7,2027.9,2611.5,7607.8,8943.5,12420.0,45401.8,55000.0,2.6115,1.5379,7.6078,66.6,0.5,100.0,True,run1,no-ibench,part1-experiments/run1/no-ibench.txt
read,1479.8,826.7,321.2,1031.3,1077.8,1273.0,1396.8,1486.2,1564.6,1679.2,2065.4,2517.0,7350.9,8130.2,10246.7,46846.4,60000.0,2.517,1.4798,7.350899999999999,66.6,0.5,100.0,True,run1,no-ibench,part1-experiments/run1/no-ibench.txt
read,1503.9,846.2,187.4,1036.3,1088.4,1297.5,1426.6,1513.3,1592.4,1710.7,2094.8,2562.6,7484.9,8723.9,11191.3,46134.3,65000.0,2.5625999999999998,1.5039,7.4849,66.6,0.5,100.0,True,run1,no-ibench,part1-experiments/run1/no-ibench.txt
read,1481.3,840.8,137.8,1032.3,1081.1,1273.2,1386.6,1478.2,1558.1,1677.3,2064.3,2522.3,7438.8,8136.9,10904.9,46925.4,70000.0,2.5223,1.4813,7.4388000000000005,66.6,0.5,100.0,True,run1,no-ibench,part1-experiments/run1/no-ibench.txt
read,1494.9,861.9,101.3,1022.4,1068.5,1285.7,1413.7,1503.1,1588.4,1712.4,2048.0,2522.0,7558.9,8129.1,10844.1,46616.4,75000.0,2.522,1.4949000000000001,7.5588999999999995,66.6,0.5,100.0,True,run1,no-ibench,part1-experiments/run1/no-ibench.txt
read,1487.8,847.7,118.1,1029.4,1076.4,1278.3,1400.9,1493.2,1580.6,1701.6,2054.6,2509.8,7501.3,8596.0,11010.5,46751.8,80000.0,2.5098000000000003,1.4878,7.5013000000000005,66.6,0.5,100.0,True,run1,no-ibench,part1-experiments/run1/no-ibench.txt
read,403.4,569.4,93.8,177.5,194.2,270.7,310.9,338.4,364.1,415.4,645.2,1218.0,2177.4,7969.9,10190.3,4989.8,5000.0,1.218,0.4034,2.1774,66.63,1.0,100.0,True,run1,ibench-cpu,part1-experiments/run1/ibench-cpu.txt
read,424.9,468.6,93.8,173.8,196.2,296.5,344.7,380.7,419.1,507.6,899.6,1251.3,2135.5,7289.2,9141.7,10002.0,10000.0,1.2512999999999999,0.4249,2.1355,66.63,1.0,100.0,True,run1,ibench-cpu,part1-experiments/run1/ibench-cpu.txt
read,515.4,541.4,86.8,168.9,196.4,336.3,407.4,473.9,582.2,1003.7,1249.4,1443.7,2286.9,7461.7,8314.2,14924.4,15000.0,1.4437,0.5154,2.2869,66.63,1.0,100.0,True,run1,ibench-cpu,part1-experiments/run1/ibench-cpu.txt
read,637.1,629.0,86.8,172.0,205.0,397.0,539.9,735.6,1123.1,1282.4,1413.9,1718.6,2465.3,7461.3,9110.9,19970.1,20000.0,1.7186,0.6371,2.4653,66.63,1.0,100.0,True,run1,ibench-cpu,part1-experiments/run1/ibench-cpu.txt
read,2762.0,1589.1,93.8,882.8,999.2,3066.1,3278.5,3418.8,3534.3,3782.7,4212.1,5440.5,7979.0,9901.3,14319.3,24701.1,25000.0,5.4405,2.762,7.979,66.63,1.0,100.0,True,run1,ibench-cpu,part1-experiments/run1/ibench-cpu.txt
read,2924.9,1576.3,218.6,984.0,1082.8,3148.6,3370.1,3483.3,3647.7,3895.1,4340.4,5780.8,8004.7,9728.4,12783.6,24211.2,30000.0,5.7808,2.9249,8.0047,66.63,1.0,100.0,True,run1,ibench-cpu,part1-experiments/run1/ibench-cpu.txt
read,2836.4,1600.4,118.1,959.9,1045.1,3095.3,3300.0,3437.1,3580.6,3862.4,4278.0,5500.4,8001.1,12177.0,15792.0,25142.4,35000.0,5.5004,2.8364000000000003,8.001100000000001,66.63,1.0,100.0,True,run1,ibench-cpu,part1-experiments/run1/ibench-cpu.txt
read,2894.4,1587.2,109.4,984.8,1081.7,3135.9,3344.3,3453.8,3590.1,3846.1,4290.0,5524.1,8019.9,12088.8,14972.7,24600.8,40000.0,5.524100000000001,2.8944,8.0199,66.63,1.0,100.0,True,run1,ibench-cpu,part1-experiments/run1/ibench-cpu.txt
read,2885.7,1596.2,137.8,963.8,1051.5,3116.4,3333.3,3466.9,3647.4,3945.1,4340.7,5683.9,7997.4,9985.0,14481.4,24644.4,45000.0,5.6838999999999995,2.8857,7.9974,66.63,1.0,100.0,True,run1,ibench-cpu,part1-experiments/run1/ibench-cpu.txt
read,2862.2,1573.2,118.1,966.3,1060.1,3115.7,3317.6,3436.3,3557.3,3832.8,4263.8,5556.9,8002.4,10040.5,14539.4,24826.2,50000.0,5.5569,2.8621999999999996,8.0024,66.63,1.0,100.0,True,run1,ibench-cpu,part1-experiments/run1/ibench-cpu.txt
read,2913.1,1573.9,218.6,1012.2,1102.5,3142.7,3351.8,3461.8,3599.4,3814.4,4291.1,5652.0,8010.1,9934.1,14784.1,24517.2,55000.0,5.652,2.9131,8.0101,66.63,1.0,100.0,True,run1,ibench-cpu,part1-experiments/run1/ibench-cpu.txt
read,2859.4,1566.8,137.8,974.8,1065.5,3113.6,3321.4,3446.3,3591.0,3866.3,4274.9,5520.7,7977.4,9651.3,12998.0,24887.0,60000.0,5.5207,2.8594,7.977399999999999,66.63,1.0,100.0,True,run1,ibench-cpu,part1-experiments/run1/ibench-cpu.txt
read,2886.4,1567.9,202.4,978.2,1078.1,3132.0,3334.9,3446.5,3574.4,3834.9,4288.9,5663.2,7987.5,9536.5,12712.3,24678.8,65000.0,5.6632,2.8864,7.9875,66.63,1.0,100.0,True,run1,ibench-cpu,part1-experiments/run1/ibench-cpu.txt
read,2857.2,1592.3,137.8,971.3,1060.1,3105.8,3304.0,3433.5,3568.3,3885.6,4312.8,5619.6,7998.0,9903.7,14639.3,24970.0,70000.0,5.6196,2.8571999999999997,7.998,66.63,1.0,100.0,True,run1,ibench-cpu,part1-experiments/run1/ibench-cpu.txt
read,2844.9,1592.2,218.6,962.5,1053.6,3100.1,3294.9,3426.5,3552.4,3864.6,4286.3,5535.4,8013.1,10148.8,14216.4,25041.8,75000.0,5.535399999999999,2.8449,8.0131,66.63,1.0,100.0,True,run1,ibench-cpu,part1-experiments/run1/ibench-cpu.txt
read,2881.2,1583.8,173.5,966.6,1061.5,3122.8,3331.1,3449.6,3588.1,3845.4,4287.1,5551.3,8013.4,10180.0,13785.8,24740.4,80000.0,5.5513,2.8811999999999998,8.013399999999999,66.63,1.0,100.0,True,run1,ibench-cpu,part1-experiments/run1/ibench-cpu.txt
read,478.5,616.7,101.3,200.4,219.9,319.1,381.0,443.5,521.7,653.9,860.2,1269.0,2533.7,7947.7,10016.3,4985.6,5000.0,1.269,0.4785,2.5336999999999996,66.46,1.01,100.0,True,run1,ibench-l1d,part1-experiments/run1/ibench-l1d.txt
read,324.8,105.0,93.8,185.6,212.6,317.2,356.9,378.9,396.1,416.3,440.9,483.3,585.3,871.7,2467.2,10075.4,10000.0,0.4833,0.32480000000000003,0.5852999999999999,66.46,1.01,100.0,True,run1,ibench-l1d,part1-experiments/run1/ibench-l1d.txt
read,334.7,119.0,93.8,172.8,199.9,328.9,374.8,399.6,417.9,437.8,466.2,509.3,612.3,1122.4,3187.3,15000.8,15000.0,0.5093,0.3347,0.6123,66.46,1.01,100.0,True,run1,ibench-l1d,part1-experiments/run1/ibench-l1d.txt
read,373.9,375.5,93.8,165.6,190.8,343.4,397.6,427.3,449.0,473.6,507.9,570.0,1171.3,5827.1,11962.5,19950.8,20000.0,0.57,0.37389999999999995,1.1713,66.46,1.01,100.0,True,run1,ibench-l1d,part1-experiments/run1/ibench-l1d.txt
read,373.2,163.8,86.8,165.8,190.9,364.2,426.7,461.0,486.3,515.7,552.9,615.8,748.2,1492.9,3574.1,25013.6,25000.0,0.6157999999999999,0.3732,0.7482000000000001,66.46,1.01,100.0,True,run1,ibench-l1d,part1-experiments/run1/ibench-l1d.txt
read,395.7,188.2,86.8,167.0,194.7,377.0,449.5,490.2,519.8,554.0,599.5,677.9,928.9,1732.7,4510.4,30071.8,30000.0,0.6779,0.3957,0.9289,66.46,1.01,100.0,True,run1,ibench-l1d,part1-experiments/run1/ibench-l1d.txt
read,756.8,750.6,93.8,189.4,229.8,513.3,724.8,965.0,1170.5,1368.5,1575.8,1889.8,3068.2,8013.5,10387.4,35016.8,35000.0,1.8898,0.7567999999999999,3.0682,66.46,1.01,100.0,True,run1,ibench-l1d,part1-experiments/run1/ibench-l1d.txt
read,1978.3,1062.2,93.8,1234.1,1338.2,1773.1,1917.7,2011.7,2098.0,2209.3,2459.5,3365.4,7855.1,9722.8,12405.5,35734.2,40000.0,3.3654,1.9783,7.8551,66.46,1.01,100.0,True,run1,ibench-l1d,part1-experiments/run1/ibench-l1d.txt
read,1963.9,1080.0,160.7,1228.7,1329.1,1739.0,1885.6,1994.6,2084.2,2214.4,2477.6,3316.2,7858.5,9944.2,14960.2,36206.2,45000.0,3.3162,1.9639000000000002,7.8585,66.46,1.01,100.0,True,run1,ibench-l1d,part1-experiments/run1/ibench-l1d.txt
read,1912.2,1068.2,137.8,1172.6,1277.7,1701.7,1850.3,1952.9,2032.5,2165.8,2438.0,3279.2,7849.1,9953.8,14208.0,37038.8,50000.0,3.2792,1.9122000000000001,7.8491,66.46,1.01,100.0,True,run1,ibench-l1d,part1-experiments/run1/ibench-l1d.txt
read,2086.7,1101.4,173.5,1290.0,1404.9,1855.5,2020.5,2136.2,2224.0,2356.0,2604.5,3576.9,7889.0,9716.6,12497.2,34126.2,55000.0,3.5769,2.0867,7.889,66.46,1.01,100.0,True,run1,ibench-l1d,part1-experiments/run1/ibench-l1d.txt
read,2070.8,1138.1,374.7,1244.8,1366.7,1832.7,2013.6,2134.9,2227.3,2360.2,2641.2,3555.3,7901.4,10272.9,16901.0,34493.2,60000.0,3.5553000000000003,2.0708,7.9014,66.46,1.01,100.0,True,run1,ibench-l1d,part1-experiments/run1/ibench-l1d.txt
read,2045.6,1079.8,173.5,1285.1,1395.7,1821.3,1979.9,2080.2,2166.3,2294.0,2544.6,3485.6,7878.7,9589.6,12330.2,34813.2,65000.0,3.4856,2.0456,7.8787,66.46,1.01,100.0,True,run1,ibench-l1d,part1-experiments/run1/ibench-l1d.txt
read,2068.7,1096.7,160.7,1255.1,1369.4,1836.9,2015.2,2134.9,2225.3,2353.9,2629.9,3601.2,7881.4,9337.4,11777.4,34461.2,70000.0,3.6012,2.0686999999999998,7.881399999999999,66.46,1.01,100.0,True,run1,ibench-l1d,part1-experiments/run1/ibench-l1d.txt
read,2105.7,1108.2,374.7,1308.3,1417.8,1869.1,2045.3,2164.0,2259.3,2374.4,2640.0,3611.0,7902.2,9841.5,12881.0,33894.7,75000.0,3.611,2.1056999999999997,7.9022,66.46,1.01,100.0,True,run1,ibench-l1d,part1-experiments/run1/ibench-l1d.txt
read,2062.2,1088.3,137.8,1259.6,1375.4,1834.8,2012.4,2129.2,2214.1,2343.9,2603.5,3559.6,7868.0,9483.4,13108.4,34508.6,80000.0,3.5596,2.0622,7.868,66.46,1.01,100.0,True,run1,ibench-l1d,part1-experiments/run1/ibench-l1d.txt
read,456.5,746.8,93.8,188.5,205.3,277.7,315.1,341.7,366.9,415.8,1106.9,1380.6,2332.8,8089.8,15523.1,4959.4,5000.0,1.3805999999999998,0.4565,2.3328,67.14,0.5,100.0,True,run1,ibench-l1i,part1-experiments/run1/ibench-l1i.txt
read,514.8,596.9,93.8,182.0,207.0,319.7,379.3,431.1,505.7,1101.7,1254.6,1479.3,2329.7,7693.1,8963.0,10035.0,10000.0,1.4793,0.5147999999999999,2.3297,67.14,0.5,100.0,True,run1,ibench-l1i,part1-experiments/run1/ibench-l1i.txt
read,584.9,617.5,93.8,169.1,203.7,363.9,457.3,561.0,799.9,1238.0,1357.2,1602.0,2366.2,7523.7,9339.1,15073.2,15000.0,1.602,0.5849,2.3661999999999996,67.14,0.5,100.0,True,run1,ibench-l1i,part1-experiments/run1/ibench-l1i.txt
read,679.4,678.6,93.8,175.0,208.4,415.5,591.0,859.7,1236.4,1346.4,1472.8,1784.1,2513.5,7720.6,10257.3,19957.8,20000.0,1.7841,0.6794,2.5135,67.14,0.5,100.0,True,run1,ibench-l1i,part1-experiments/run1/ibench-l1i.txt
read,3157.2,1648.4,109.4,1027.7,1149.8,3307.7,3527.3,3699.7,3851.1,4100.1,4739.8,6706.8,8064.8,10125.2,13935.2,22296.4,25000.0,6.7068,3.1572,8.0648,67.14,0.5,100.0,True,run1,ibench-l1i,part1-experiments/run1/ibench-l1i.txt
read,3088.6,1607.4,137.8,1046.4,1146.7,3265.8,3455.2,3613.8,3741.7,4027.0,4559.9,6332.8,8042.0,10466.4,14505.9,23039.0,30000.0,6.3328,3.0886,8.042,67.14,0.5,100.0,True,run1,ibench-l1i,part1-experiments/run1/ibench-l1i.txt
read,3028.5,1604.3,173.5,1037.3,1132.5,3235.3,3424.1,3549.5,3695.9,3996.5,4514.1,6089.4,8023.3,10115.2,13891.1,23570.8,35000.0,6.0893999999999995,3.0285,8.0233,67.14,0.5,100.0,True,run1,ibench-l1i,part1-experiments/run1/ibench-l1i.txt
read,2968.8,1615.9,127.6,1011.4,1102.0,3183.7,3387.7,3482.6,3652.5,3940.2,4372.8,5989.4,8033.1,11782.2,15046.4,24039.2,40000.0,5.9894,2.9688000000000003,8.033100000000001,67.14,0.5,100.0,True,run1,ibench-l1i,part1-experiments/run1/ibench-l1i.txt
read,3013.6,1589.8,275.4,1021.9,1117.6,3220.6,3417.3,3538.8,3688.6,3964.1,4439.2,6092.2,8024.3,9902.8,11852.0,23692.8,45000.0,6.0922,3.0136,8.0243,67.14,0.5,100.0,True,run1,ibench-l1i,part1-experiments/run1/ibench-l1i.txt
read,3061.6,1621.9,148.8,1011.0,1117.5,3243.7,3441.3,3596.1,3736.7,4045.8,4576.2,6332.7,8037.2,10100.6,14897.8,23297.2,50000.0,6.3327,3.0616,8.0372,67.14,0.5,100.0,True,run1,ibench-l1i,part1-experiments/run1/ibench-l1i.txt
read,3148.6,1623.2,236.1,1053.5,1154.6,3291.6,3498.3,3681.1,3830.9,4128.1,4701.3,6569.0,8045.2,10129.8,14093.2,22708.8,55000.0,6.569,3.1486,8.0452,67.14,0.5,100.0,True,run1,ibench-l1i,part1-experiments/run1/ibench-l1i.txt
read,2937.8,1590.9,137.8,975.0,1069.9,3159.5,3378.2,3486.6,3685.5,4000.6,4374.8,5844.1,7998.9,9905.2,12267.6,24195.8,60000.0,5.8441,2.9378,7.9989,67.14,0.5,100.0,True,run1,ibench-l1i,part1-experiments/run1/ibench-l1i.txt
read,3021.9,1614.4,187.4,1057.7,1142.8,3229.3,3404.4,3486.5,3637.2,3876.5,4424.4,5990.5,8051.3,13214.0,15502.1,23668.4,65000.0,5.9905,3.0219,8.0513,67.14,0.5,100.0,True,run1,ibench-l1i,part1-experiments/run1/ibench-l1i.txt
read,3094.0,1609.2,187.4,1057.8,1152.2,3271.0,3451.4,3601.3,3730.1,4033.7,4597.4,6365.5,8039.2,10401.7,14457.0,23077.0,70000.0,6.3655,3.094,8.0392,67.14,0.5,100.0,True,run1,ibench-l1i,part1-experiments/run1/ibench-l1i.txt
read,2899.6,1585.6,160.7,977.9,1068.0,3141.4,3343.5,3451.9,3597.3,3910.6,4318.4,5670.1,8005.5,10065.3,13733.6,24588.4,75000.0,5.670100000000001,2.8996,8.0055,67.14,0.5,100.0,True,run1,ibench-l1i,part1-experiments/run1/ibench-l1i.txt
read,2999.3,1619.0,173.5,1021.4,1111.0,3194.6,3395.2,3488.3,3674.7,3983.4,4413.8,6331.8,8032.1,10224.7,15885.0,23835.4,80000.0,6.3318,2.9993000000000003,8.0321,67.14,0.5,100.0,True,run1,ibench-l1i,part1-experiments/run1/ibench-l1i.txt
read,312.6,113.1,109.4,203.2,221.9,301.4,335.0,354.1,368.0,385.4,407.6,450.3,552.6,1238.5,4838.1,5063.6,5000.0,0.45030000000000003,0.31260000000000004,0.5526,66.76,1.0,100.0,True,run1,ibench-l2,part1-experiments/run1/ibench-l2.txt
read,341.1,120.6,101.3,192.7,222.2,333.6,375.3,398.5,415.8,435.1,462.2,503.9,601.1,1330.0,3846.0,9984.8,10000.0,0.5039,0.3411,0.6011,66.76,1.0,100.0,True,run1,ibench-l2,part1-experiments/run1/ibench-l2.txt
read,357.4,124.1,93.8,177.6,208.9,354.0,402.0,428.8,448.2,470.0,499.9,545.3,650.4,937.4,3045.5,14913.8,15000.0,0.5453,0.3574,0.6504,66.76,1.0,100.0,True,run1,ibench-l2,part1-experiments/run1/ibench-l2.txt
read,378.4,147.7,86.8,170.5,198.9,376.3,432.9,463.2,485.5,510.7,544.8,597.4,722.7,1465.8,3676.2,20015.8,20000.0,0.5973999999999999,0.37839999999999996,0.7227,66.76,1.0,100.0,True,run1,ibench-l2,part1-experiments/run1/ibench-l2.txt
read,402.1,226.1,86.8,171.1,197.6,384.9,452.5,488.9,515.0,547.2,590.0,662.5,981.8,2604.9,7279.5,25037.6,25000.0,0.6625,0.4021,0.9818,66.76,1.0,100.0,True,run1,ibench-l2,part1-experiments/run1/ibench-l2.txt
read,411.7,187.9,93.8,175.3,202.8,394.7,470.1,511.6,542.5,579.0,626.0,704.2,930.6,1565.3,4074.1,29969.4,30000.0,0.7042,0.4117,0.9306,66.76,1.0,100.0,True,run1,ibench-l2,part1-experiments/run1/ibench-l2.txt
read,934.7,905.8,93.8,199.8,248.5,597.4,1073.6,1386.2,1545.0,1698.5,1866.5,2174.7,3739.5,8082.0,10672.1,34934.4,35000.0,2.1746999999999996,0.9347000000000001,3.7395,66.76,1.0,100.0,True,run1,ibench-l2,part1-experiments/run1/ibench-l2.txt
read,1995.1,1069.1,127.6,1230.7,1340.0,1781.7,1936.0,2033.7,2132.0,2256.5,2499.5,3415.9,7857.9,9397.9,11867.6,35445.1,40000.0,3.4159,1.9950999999999999,7.8579,66.76,1.0,100.0,True,run1,ibench-l2,part1-experiments/run1/ibench-l2.txt
read,2010.8,1070.9,160.7,1253.5,1361.4,1796.6,1945.7,2031.8,2123.2,2237.5,2498.3,3439.0,7865.7,9144.9,11500.9,35379.0,45000.0,3.439,2.0108,7.8656999999999995,66.76,1.0,100.0,True,run1,ibench-l2,part1-experiments/run1/ibench-l2.txt
read,1991.5,1065.0,148.8,1225.0,1332.4,1772.2,1930.0,2031.0,2130.9,2261.5,2515.6,3407.2,7854.4,8989.6,12256.5,35647.6,50000.0,3.4072,1.9915,7.8544,66.76,1.0,100.0,True,run1,ibench-l2,part1-experiments/run1/ibench-l2.txt
read,2001.0,1084.9,218.6,1213.5,1320.0,1783.4,1960.8,2068.6,2160.2,2291.8,2535.5,3441.5,7867.1,9415.3,12587.2,35557.4,55000.0,3.4415,2.001,7.867100000000001,66.76,1.0,100.0,True,run1,ibench-l2,part1-experiments/run1/ibench-l2.txt
read,2076.1,1091.8,137.8,1293.8,1401.3,1856.2,2016.7,2127.3,2205.9,2333.0,2557.7,3569.3,7882.3,9791.3,14852.3,34287.6,60000.0,3.5693,2.0761,7.8823,66.76,1.0,100.0,True,run1,ibench-l2,part1-experiments/run1/ibench-l2.txt
read,2081.0,1122.9,148.8,1300.0,1405.1,1844.4,2010.6,2125.9,2211.3,2343.0,2576.2,3572.1,7900.3,10145.7,15944.9,34318.4,65000.0,3.5721,2.081,7.9003000000000005,66.76,1.0,100.0,True,run1,ibench-l2,part1-experiments/run1/ibench-l2.txt
read,2044.9,1104.0,148.8,1234.1,1351.5,1824.3,1996.4,2109.9,2194.1,2327.9,2560.1,3516.9,7887.6,9930.5,13740.9,34834.4,70000.0,3.5169,2.0449,7.8876,66.76,1.0,100.0,True,run1,ibench-l2,part1-experiments/run1/ibench-l2.txt
read,2074.7,1092.0,160.7,1284.9,1395.7,1847.2,2017.5,2130.7,2211.6,2340.0,2582.5,3556.6,7879.3,9697.1,12726.8,34323.2,75000.0,3.5566,2.0747,7.8793,66.76,1.0,100.0,True,run1,ibench-l2,part1-experiments/run1/ibench-l2.txt
read,1972.6,1061.7,187.4,1225.9,1330.9,1759.1,1909.1,2009.9,2097.6,2207.4,2453.2,3356.8,7857.9,9709.9,13226.0,35996.8,80000.0,3.3568000000000002,1.9726,7.8579,66.76,1.0,100.0,True,run1,ibench-l2,part1-experiments/run1/ibench-l2.txt
read,355.9,176.7,127.6,229.2,250.7,330.7,365.7,387.7,403.6,426.3,456.5,509.1,924.9,2299.1,7124.2,4952.4,5000.0,0.5091,0.3559,0.9248999999999999,66.43,1.01,100.0,True,run1,ibench-llc,part1-experiments/run1/ibench-llc.txt
read,415.1,437.3,109.4,210.2,240.9,359.6,412.1,443.5,466.6,496.3,537.5,611.4,1718.0,7564.8,9142.5,9993.4,10000.0,0.6113999999999999,0.4151,1.718,66.43,1.01,100.0,True,run1,ibench-llc,part1-experiments/run1/ibench-llc.txt
read,459.4,490.0,101.3,198.0,232.1,397.2,467.2,506.8,536.3,572.0,620.9,710.3,1999.5,7510.6,8278.5,15005.0,15000.0,0.7102999999999999,0.4594,1.9995,66.43,1.01,100.0,True,run1,ibench-llc,part1-experiments/run1/ibench-llc.txt
read,536.8,737.4,101.3,193.7,227.9,418.4,506.8,556.9,593.9,640.3,716.8,960.2,3855.6,9506.3,15059.2,20052.0,20000.0,0.9602,0.5367999999999999,3.8556,66.43,1.01,100.0,True,run1,ibench-llc,part1-experiments/run1/ibench-llc.txt
read,837.3,1068.3,101.3,209.6,252.0,511.8,662.1,796.2,1021.4,1507.8,1878.9,2301.1,7018.0,10136.3,15874.8,25029.4,25000.0,2.3011,0.8372999999999999,7.018,66.43,1.01,100.0,True,run1,ibench-llc,part1-experiments/run1/ibench-llc.txt
read,1260.6,1190.8,101.3,251.9,312.4,812.4,1568.7,1769.6,1963.6,2297.2,2504.3,2763.3,7538.2,9876.7,15874.8,29905.8,30000.0,2.7633,1.2606,7.5382,66.43,1.01,100.0,True,run1,ibench-llc,part1-experiments/run1/ibench-llc.txt
read,2035.9,1139.3,109.4,1095.3,1586.2,1831.5,1910.1,1975.2,2015.9,2100.7,2291.0,3579.8,7912.9,9863.0,15347.1,33701.2,35000.0,3.5798,2.0359000000000003,7.9129,66.43,1.01,100.0,True,run1,ibench-llc,part1-experiments/run1/ibench-llc.txt
read,2021.3,1082.3,202.4,1531.6,1595.2,1769.3,1845.5,1881.3,1943.0,2014.8,2211.3,3423.8,7899.2,9591.5,14170.2,35207.4,40000.0,3.4238000000000004,2.0213,7.8991999999999996,66.43,1.01,100.0,True,run1,ibench-llc,part1-experiments/run1/ibench-llc.txt
read,2031.7,1072.7,160.7,1528.4,1593.7,1779.0,1855.3,1902.3,1971.0,2045.7,2359.4,3423.1,7890.9,9473.6,13790.8,35225.3,45000.0,3.4231,2.0317,7.890899999999999,66.43,1.01,100.0,True,run1,ibench-llc,part1-experiments/run1/ibench-llc.txt
read,2024.5,1160.3,346.9,1511.4,1553.4,1734.6,1824.2,1869.4,1922.4,2010.5,2271.6,3452.2,7951.2,10142.9,15739.5,35300.7,50000.0,3.4522,2.0245,7.9512,66.43,1.01,100.0,True,run1,ibench-llc,part1-experiments/run1/ibench-llc.txt
read,2154.9,1152.9,236.1,1607.7,1648.6,1854.6,1963.0,2027.2,2115.4,2246.3,2628.7,3685.5,7946.3,10637.6,14966.4,33260.9,55000.0,3.6855,2.1549,7.9463,66.43,1.01,100.0,True,run1,ibench-llc,part1-experiments/run1/ibench-llc.txt
read,2252.7,1186.4,160.7,1679.0,1750.9,1945.2,2024.9,2114.0,2184.8,2343.4,2720.9,3875.2,7959.4,10831.2,16115.2,31858.8,60000.0,3.8752,2.2527,7.9594,66.43,1.01,100.0,True,run1,ibench-llc,part1-experiments/run1/ibench-llc.txt
read,2205.0,1168.9,374.7,1647.2,1703.2,1895.2,1990.1,2034.7,2122.1,2243.1,2723.3,3759.2,7973.8,10132.8,15399.8,32555.0,65000.0,3.7592,2.205,7.9738,66.43,1.01,100.0,True,run1,ibench-llc,part1-experiments/run1/ibench-llc.txt
read,2002.4,1077.4,137.8,1507.9,1549.6,1736.8,1829.2,1875.1,1937.6,2020.9,2278.5,3410.6,7879.0,9689.4,14481.1,35603.6,70000.0,3.4106,2.0024,7.879,66.43,1.01,100.0,True,run1,ibench-llc,part1-experiments/run1/ibench-llc.txt
read,2228.1,1126.8,297.4,1658.2,1735.6,1943.8,2030.8,2125.2,2190.0,2337.9,2651.3,3758.0,7948.3,10063.0,13592.7,32209.2,75000.0,3.758,2.2281,7.948300000000001,66.43,1.01,100.0,True,run1,ibench-llc,part1-experiments/run1/ibench-llc.txt
read,2236.1,1177.4,275.4,1630.3,1676.7,1904.6,2027.2,2151.7,2275.2,2478.2,2770.3,3797.0,7961.0,10138.8,15764.1,32078.0,80000.0,3.797,2.2361,7.961,66.43,1.01,100.0,True,run1,ibench-llc,part1-experiments/run1/ibench-llc.txt
read,300.3,155.0,101.3,196.7,214.0,282.3,311.2,327.8,340.0,355.6,375.9,420.1,740.4,2092.2,4237.7,4980.4,5000.0,0.42010000000000003,0.3003,0.7404,67.1,0.51,100.0,True,run1,ibench-membw,part1-experiments/run1/ibench-membw.txt
read,327.9,167.3,101.3,189.4,216.5,308.8,346.4,368.7,385.4,404.2,431.8,477.0,789.2,2277.7,6985.5,9919.2,10000.0,0.477,0.32789999999999997,0.7892,67.1,0.51,100.0,True,run1,ibench-membw,part1-experiments/run1/ibench-membw.txt
read,356.7,263.9,93.8,171.0,202.9,331.9,380.5,407.0,427.1,451.2,483.7,538.7,1002.4,3793.8,7891.1,15052.8,15000.0,0.5387000000000001,0.35669999999999996,1.0024,67.1,0.51,100.0,True,run1,ibench-membw,part1-experiments/run1/ibench-membw.txt
read,368.1,222.0,93.8,162.1,191.0,350.6,409.4,441.6,464.7,493.2,529.7,586.4,789.3,2878.1,7778.9,19923.8,20000.0,0.5864,0.36810000000000004,0.7893,67.1,0.51,100.0,True,run1,ibench-membw,part1-experiments/run1/ibench-membw.txt
read,394.7,314.6,93.8,160.9,189.0,362.4,431.6,469.0,497.4,530.0,572.0,639.8,1194.9,5119.6,8011.4,25074.6,25000.0,0.6397999999999999,0.3947,1.1949,67.1,0.51,100.0,True,run1,ibench-membw,part1-experiments/run1/ibench-membw.txt
read,409.9,335.7,86.8,159.4,188.1,367.0,444.4,488.3,519.9,556.5,604.9,686.5,1435.0,4869.1,8076.7,29947.0,30000.0,0.6865,0.4099,1.435,67.1,0.51,100.0,True,run1,ibench-membw,part1-experiments/run1/ibench-membw.txt
read,452.7,372.1,86.8,164.9,197.8,394.3,486.2,538.6,577.0,623.7,690.0,853.0,1528.4,5428.1,8192.1,35024.0,35000.0,0.853,0.4527,1.5284,67.1,0.51,100.0,True,run1,ibench-membw,part1-experiments/run1/ibench-membw.txt
read,763.6,772.5,93.8,192.8,241.8,527.3,741.1,996.5,1139.1,1279.6,1543.2,1774.3,3490.7,8023.6,9872.3,40061.8,40000.0,1.7743,0.7636000000000001,3.4907,67.1,0.51,100.0,True,run1,ibench-membw,part1-experiments/run1/ibench-membw.txt
read,1558.5,929.0,109.4,1119.8,1191.5,1346.3,1423.2,1480.4,1558.2,1745.0,2034.5,2634.4,7625.7,9300.6,12687.8,44009.6,45000.0,2.6344000000000003,1.5585,7.6257,67.1,0.51,100.0,True,run1,ibench-membw,part1-experiments/run1/ibench-membw.txt
read,1551.0,937.1,173.5,1131.8,1185.3,1325.3,1385.0,1457.7,1518.9,1681.6,2017.8,2609.2,7638.3,9577.6,14948.7,44965.3,50000.0,2.6092,1.551,7.6383,67.1,0.51,100.0,True,run1,ibench-membw,part1-experiments/run1/ibench-membw.txt
read,1488.5,868.3,127.6,1100.5,1126.2,1271.8,1352.7,1412.3,1490.0,1649.5,1980.7,2501.4,7555.1,8864.5,11317.0,46698.2,55000.0,2.5014000000000003,1.4885,7.5551,67.1,0.51,100.0,True,run1,ibench-membw,part1-experiments/run1/ibench-membw.txt
read,1484.3,841.4,173.5,1110.6,1140.4,1278.7,1354.0,1400.9,1472.9,1602.1,1855.6,2495.0,7521.7,8126.9,10974.1,46901.6,60000.0,2.495,1.4843,7.5217,67.1,0.51,100.0,True,run1,ibench-membw,part1-experiments/run1/ibench-membw.txt
read,1493.0,824.6,173.5,1130.6,1178.8,1304.5,1360.6,1388.9,1447.7,1534.3,1848.9,2516.9,7498.3,8118.6,10085.3,46517.6,65000.0,2.5169,1.493,7.4983,67.1,0.51,100.0,True,run1,ibench-membw,part1-experiments/run1/ibench-membw.txt
read,1395.1,815.8,148.8,1049.0,1095.3,1211.2,1263.6,1299.6,1352.1,1454.4,1831.0,2356.2,7036.7,9483.9,14798.2,49647.0,70000.0,2.3562,1.3951,7.0367,67.1,0.51,100.0,True,run1,ibench-membw,part1-experiments/run1/ibench-membw.txt
read,1585.0,960.3,218.6,1176.9,1206.9,1346.5,1409.2,1465.1,1506.8,1629.4,2130.6,2690.4,7680.0,9045.0,13252.0,44190.1,75000.0,2.6904,1.585,7.68,67.1,0.51,100.0,True,run1,ibench-membw,part1-experiments/run1/ibench-membw.txt
read,1506.0,878.5,218.6,1116.9,1152.1,1290.8,1358.3,1398.2,1459.7,1568.3,2017.9,2541.7,7561.9,8707.6,10826.2,46238.4,80000.0,2.5416999999999996,1.506,7.5619,67.1,0.51,100.0,True,run1,ibench-membw,part1-experiments/run1/ibench-membw.txt
read,291.4,82.7,118.1,201.4,216.8,283.1,310.8,326.4,338.5,352.6,371.6,403.2,483.4,777.4,3108.9,5029.8,5000.0,0.4032,0.2914,0.4834,66.57,0.5,100.0,True,run2,no-ibench,part1-experiments/run2/no-ibench.txt
read,315.2,95.1,93.8,198.4,221.6,308.1,340.8,359.6,372.3,389.2,409.3,446.4,549.6,1028.4,2994.4,9945.0,10000.0,0.44639999999999996,0.3152,0.5496,66.57,0.5,100.0,True,run2,no-ibench,part1-experiments/run2/no-ibench.txt
read,334.5,118.6,93.8,188.2,218.5,327.4,365.0,385.9,400.1,419.4,443.9,490.2,635.6,1341.1,3575.5,14966.0,15000.0,0.49019999999999997,0.3345,0.6356,66.57,0.5,100.0,True,run2,no-ibench,part1-experiments/run2/no-ibench.txt
read,354.7,155.5,93.8,178.7,211.3,342.8,387.4,411.6,430.3,454.6,490.3,570.8,725.2,1958.4,4517.5,19950.6,20000.0,0.5708,0.3547,0.7252000000000001,66.57,0.5,100.0,True,run2,no-ibench,part1-experiments/run2/no-ibench.txt
read,357.9,148.5,93.8,168.9,197.3,345.3,395.2,423.2,444.2,470.5,514.0,601.7,770.7,1763.2,2880.2,25046.8,25000.0,0.6017,0.3579,0.7707,66.57,0.5,100.0,True,run2,no-ibench,part1-experiments/run2/no-ibench.txt
read,378.6,154.9,86.8,170.2,201.1,359.8,415.6,449.4,477.0,519.9,589.7,670.1,815.6,1136.6,1951.5,30183.0,30000.0,0.6701,0.37860000000000005,0.8156,66.57,0.5,100.0,True,run2,no-ibench,part1-experiments/run2/no-ibench.txt
read,392.3,190.4,93.8,170.2,199.1,360.8,425.8,468.3,506.4,564.7,632.7,722.2,923.4,1671.4,3919.2,35052.0,35000.0,0.7222000000000001,0.39230000000000004,0.9234,66.57,0.5,100.0,True,run2,no-ibench,part1-experiments/run2/no-ibench.txt
read,468.8,328.5,93.8,178.1,213.9,395.2,486.4,560.7,617.2,678.8,764.7,948.2,1668.8,2962.3,7977.6,39918.0,40000.0,0.9482,0.4688,1.6688,66.57,0.5,100.0,True,run2,no-ibench,part1-experiments/run2/no-ibench.txt
read,622.6,502.1,93.8,196.6,244.2,481.4,648.7,759.3,867.5,1012.5,1168.3,1407.2,2218.0,7567.9,8949.5,45018.1,45000.0,1.4072,0.6226,2.218,66.57,0.5,100.0,True,run2,no-ibench,part1-experiments/run2/no-ibench.txt
read,1535.6,842.5,236.1,1080.2,1135.5,1351.7,1452.3,1515.9,1579.8,1671.7,1954.8,2597.0,7545.1,8130.9,10234.3,45108.0,50000.0,2.597,1.5355999999999999,7.545100000000001,66.57,0.5,100.0,True,run2,no-ibench,part1-experiments/run2/no-ibench.txt
read,1485.5,821.8,202.4,1055.0,1110.9,1299.2,1384.3,1456.9,1509.5,1602.9,1996.2,2525.4,7371.1,8132.9,10471.3,46678.0,55000.0,2.5254000000000003,1.4855,7.3711,66.57,0.5,100.0,True,run2,no-ibench,part1-experiments/run2/no-ibench.txt
read,1522.0,834.5,173.5,1071.1,1126.3,1336.4,1437.1,1500.0,1569.1,1662.1,1968.7,2566.1,7453.8,8430.3,10453.4,45601.8,60000.0,2.5661,1.522,7.4538,66.57,0.5,100.0,True,run2,no-ibench,part1-experiments/run2/no-ibench.txt
read,1552.0,870.0,173.5,1098.0,1144.7,1360.1,1465.6,1537.9,1596.9,1693.5,1961.8,2624.0,7562.6,9455.1,13120.1,44837.0,65000.0,2.624,1.552,7.562600000000001,66.57,0.5,100.0,True,run2,no-ibench,part1-experiments/run2/no-ibench.txt
read,1558.0,860.0,137.8,1079.8,1136.9,1362.7,1470.6,1548.5,1609.7,1718.1,2101.8,2646.2,7554.2,8822.2,11828.9,44646.2,70000.0,2.6462,1.558,7.5542,66.57,0.5,100.0,True,run2,no-ibench,part1-experiments/run2/no-ibench.txt
read,1575.3,872.4,275.4,1086.1,1140.6,1368.7,1485.2,1572.1,1641.7,1747.2,2148.4,2667.9,7593.5,8182.1,10793.1,44245.8,75000.0,2.6679,1.5753,7.5935,66.57,0.5,100.0,True,run2,no-ibench,part1-experiments/run2/no-ibench.txt
read,1519.3,834.4,160.7,1062.2,1120.1,1334.1,1436.8,1500.7,1569.3,1662.5,1982.9,2578.2,7541.9,8115.0,10207.2,45736.2,80000.0,2.5782,1.5192999999999999,7.5419,66.57,0.5,100.0,True,run2,no-ibench,part1-experiments/run2/no-ibench.txt
read,427.2,625.9,93.8,161.0,175.2,248.5,290.0,322.2,364.1,608.3,807.6,1674.4,2632.4,7899.2,9055.8,4980.0,5000.0,1.6744,0.42719999999999997,2.6324,66.77,0.5,100.0,True,run2,ibench-cpu,part1-experiments/run2/ibench-cpu.txt
read,606.9,777.5,101.3,168.3,192.8,313.6,440.5,703.7,822.4,1021.5,1646.4,1863.1,2881.6,8025.4,9687.7,9955.0,10000.0,1.8631,0.6069,2.8815999999999997,66.77,0.5,100.0,True,run2,ibench-cpu,part1-experiments/run2/ibench-cpu.txt
read,3165.8,2784.8,101.3,228.2,285.3,3128.5,3985.6,4383.2,4940.0,6137.9,7171.8,8079.9,11839.2,16240.6,21074.7,14587.6,15000.0,8.0799,3.1658000000000004,11.8392,66.77,0.5,100.0,True,run2,ibench-cpu,part1-experiments/run2/ibench-cpu.txt
read,4610.9,2435.3,148.8,1304.9,1575.3,3994.2,4567.6,5534.2,6360.3,7070.5,7794.4,8757.8,14069.7,18716.8,31064.8,15750.2,20000.0,8.7578,4.6109,14.069700000000001,66.77,0.5,100.0,True,run2,ibench-cpu,part1-experiments/run2/ibench-cpu.txt
read,4223.7,2110.6,202.4,1268.8,1478.3,3838.3,4240.1,4674.2,5432.1,6260.7,7191.9,8049.0,10964.4,16191.6,20431.5,17100.2,25000.0,8.049,4.2237,10.9644,66.77,0.5,100.0,True,run2,ibench-cpu,part1-experiments/run2/ibench-cpu.txt
read,4098.6,2129.5,127.6,1195.1,1346.0,3759.5,4207.5,4631.6,5314.6,6270.0,7156.9,7975.7,10527.3,16040.6,18917.7,17534.4,30000.0,7.9757,4.0986,10.527299999999999,66.77,0.5,100.0,True,run2,ibench-cpu,part1-experiments/run2/ibench-cpu.txt
read,3523.9,1747.3,173.5,1160.4,1282.2,3467.6,3738.8,3949.0,4131.5,4587.4,5665.3,7484.8,8556.6,13390.6,16220.0,20329.4,35000.0,7.4848,3.5239000000000003,8.5566,66.77,0.5,100.0,True,run2,ibench-cpu,part1-experiments/run2/ibench-cpu.txt
read,3359.8,1636.8,127.6,1196.7,1295.4,3397.2,3646.9,3796.2,3990.2,4344.6,5217.8,7033.2,8099.1,10228.9,14409.5,21272.2,40000.0,7.0332,3.3598000000000003,8.0991,66.77,0.5,100.0,True,run2,ibench-cpu,part1-experiments/run2/ibench-cpu.txt
read,3401.7,1657.6,127.6,1195.4,1303.6,3423.9,3677.2,3843.3,4011.1,4358.2,5293.9,7154.2,8110.0,11127.3,16370.2,21078.0,45000.0,7.1541999999999994,3.4017,8.11,66.77,0.5,100.0,True,run2,ibench-cpu,part1-experiments/run2/ibench-cpu.txt
read,3167.7,1623.2,173.5,1121.0,1217.0,3295.1,3503.3,3675.5,3807.1,4147.7,4888.7,6606.2,8062.3,10187.9,14188.9,22561.8,50000.0,6.606199999999999,3.1677,8.0623,66.77,0.5,100.0,True,run2,ibench-cpu,part1-experiments/run2/ibench-cpu.txt
read,3325.2,1629.7,218.6,1176.9,1274.5,3379.5,3626.0,3765.1,3969.4,4342.1,5207.7,7007.6,8067.9,10025.8,14120.8,21538.2,55000.0,7.0076,3.3251999999999997,8.0679,66.77,0.5,100.0,True,run2,ibench-cpu,part1-experiments/run2/ibench-cpu.txt
read,3245.3,1631.2,137.8,1133.4,1237.1,3339.7,3573.6,3725.6,3900.6,4235.9,5030.9,6838.3,8065.8,10082.7,13675.9,22046.8,60000.0,6.8383,3.2453000000000003,8.0658,66.77,0.5,100.0,True,run2,ibench-cpu,part1-experiments/run2/ibench-cpu.txt
read,3242.7,1665.6,148.8,1099.8,1207.1,3323.0,3586.7,3749.3,3950.4,4298.9,5132.6,6862.2,8077.3,10779.2,14948.9,22037.2,65000.0,6.8622,3.2426999999999997,8.077300000000001,66.77,0.5,100.0,True,run2,ibench-cpu,part1-experiments/run2/ibench-cpu.txt
read,3329.3,1884.8,148.8,1099.4,1202.7,3330.9,3593.0,3759.4,3995.8,4367.2,5288.8,7455.6,8993.1,16669.8,25125.9,21622.8,70000.0,7.4556000000000004,3.3293000000000004,8.9931,66.77,0.5,100.0,True,run2,ibench-cpu,part1-experiments/run2/ibench-cpu.txt
read,3169.9,1619.4,160.7,1109.8,1209.0,3300.0,3522.2,3690.1,3837.4,4159.8,4820.6,6587.8,8052.9,10178.1,14534.3,22559.5,75000.0,6.5878000000000005,3.1699,8.0529,66.77,0.5,100.0,True,run2,ibench-cpu,part1-experiments/run2/ibench-cpu.txt
read,3220.0,1619.4,148.8,1148.1,1242.6,3331.9,3559.1,3707.5,3858.5,4192.3,4984.7,6744.5,8068.3,10021.8,13549.7,22184.4,80000.0,6.7445,3.22,8.0683,66.77,0.5,100.0,True,run2,ibench-cpu,part1-experiments/run2/ibench-cpu.txt
read,289.1,121.1,101.3,181.6,197.6,276.0,308.4,327.1,341.5,359.8,383.8,426.0,569.0,1614.6,4315.3,5007.8,5000.0,0.426,0.2891,0.569,66.93,0.5,100.0,True,run2,ibench-l1d,part1-experiments/run2/ibench-l1d.txt
read,331.9,201.2,109.4,186.1,210.3,313.9,351.9,373.0,389.8,408.6,435.3,488.8,761.2,3222.5,7632.3,10089.2,10000.0,0.4888,0.3319,0.7612000000000001,66.93,0.5,100.0,True,run2,ibench-l1d,part1-experiments/run2/ibench-l1d.txt
read,355.2,224.1,101.3,182.0,212.0,340.4,383.8,406.9,425.5,447.7,479.8,559.2,772.0,1651.9,9872.6,15021.0,15000.0,0.5592,0.3552,0.772,66.93,0.5,100.0,True,run2,ibench-l1d,part1-experiments/run2/ibench-l1d.txt
read,364.4,171.9,93.8,175.8,204.1,346.8,395.8,423.7,444.9,471.8,520.8,623.6,814.4,2001.0,4326.2,19932.6,20000.0,0.6236,0.3644,0.8144,66.93,0.5,100.0,True,run2,ibench-l1d,part1-experiments/run2/ibench-l1d.txt
read,803.0,1077.5,101.3,190.6,229.4,422.0,541.0,672.5,825.2,1411.9,2051.4,2934.3,5627.3,8445.0,12620.6,24936.8,25000.0,2.9343000000000004,0.803,5.6273,66.93,0.5,100.0,True,run2,ibench-l1d,part1-experiments/run2/ibench-l1d.txt
read,417.0,244.0,93.8,176.0,207.1,378.4,443.9,489.2,529.7,588.8,659.3,765.0,1113.2,2564.4,7535.6,30029.6,30000.0,0.765,0.417,1.1132,66.93,0.5,100.0,True,run2,ibench-l1d,part1-experiments/run2/ibench-l1d.txt
read,454.8,282.7,93.8,183.0,216.1,395.3,480.1,543.9,599.3,658.9,739.1,887.2,1411.8,2456.3,7779.9,34986.2,35000.0,0.8872000000000001,0.45480000000000004,1.4118,66.93,0.5,100.0,True,run2,ibench-l1d,part1-experiments/run2/ibench-l1d.txt
read,2028.0,1079.4,93.8,1283.3,1389.5,1821.9,1974.8,2066.0,2150.4,2265.4,2499.2,3463.3,7867.4,9694.9,13184.6,34796.6,40000.0,3.4633000000000003,2.028,7.8674,66.93,0.5,100.0,True,run2,ibench-l1d,part1-experiments/run2/ibench-l1d.txt
read,2086.7,1122.4,236.1,1281.9,1396.8,1843.2,2013.3,2130.9,2223.3,2373.5,2735.9,3593.2,7885.2,9921.7,15063.7,34123.2,45000.0,3.5932,2.0867,7.8852,66.93,0.5,100.0,True,run2,ibench-l1d,part1-experiments/run2/ibench-l1d.txt
read,2005.7,1064.5,148.8,1276.9,1378.4,1789.4,1942.4,2029.0,2118.8,2230.2,2485.7,3407.9,7870.0,9729.8,12005.9,35412.4,50000.0,3.4079,2.0057,7.87,66.93,0.5,100.0,True,run2,ibench-l1d,part1-experiments/run2/ibench-l1d.txt
read,2056.7,1081.5,202.4,1294.6,1399.2,1840.5,1998.0,2100.5,2179.9,2302.1,2525.2,3493.5,7870.9,9744.3,13814.5,34604.4,55000.0,3.4935,2.0566999999999998,7.8709,66.93,0.5,100.0,True,run2,ibench-l1d,part1-experiments/run2/ibench-l1d.txt
read,2146.5,1144.6,187.4,1331.5,1447.6,1889.3,2070.7,2191.8,2304.1,2457.4,2763.6,3695.1,7914.8,10240.5,15038.6,33269.8,60000.0,3.6951,2.1465,7.9148000000000005,66.93,0.5,100.0,True,run2,ibench-l1d,part1-experiments/run2/ibench-l1d.txt
read,2081.0,1086.9,202.4,1308.3,1413.8,1849.8,2013.6,2127.6,2212.7,2346.8,2638.3,3507.1,7882.8,9310.3,12041.4,34279.8,65000.0,3.5071,2.081,7.8828000000000005,66.93,0.5,100.0,True,run2,ibench-l1d,part1-experiments/run2/ibench-l1d.txt
read,2069.0,1092.8,173.5,1310.0,1417.3,1837.3,1997.8,2101.4,2180.6,2313.6,2588.1,3513.2,7885.3,9315.2,12701.1,34488.2,70000.0,3.5132,2.069,7.8853,66.93,0.5,100.0,True,run2,ibench-l1d,part1-experiments/run2/ibench-l1d.txt
read,2005.0,1054.1,187.4,1279.2,1374.7,1794.9,1947.1,2029.8,2116.5,2218.4,2459.9,3407.3,7854.8,9041.2,12113.3,35420.8,75000.0,3.4073,2.005,7.8548,66.93,0.5,100.0,True,run2,ibench-l1d,part1-experiments/run2/ibench-l1d.txt
read,2065.2,1108.5,297.4,1287.4,1396.0,1831.6,1995.6,2104.7,2188.5,2329.2,2637.3,3520.0,7881.3,10021.5,15038.0,34515.0,80000.0,3.52,2.0652,7.8813,66.93,0.5,100.0,True,run2,ibench-l1d,part1-experiments/run2/ibench-l1d.txt
read,487.3,772.4,93.8,175.0,190.5,273.5,321.1,366.9,440.0,727.8,913.4,1749.8,2810.7,8087.7,14490.4,5029.8,5000.0,1.7498,0.4873,2.8106999999999998,66.3,0.5,100.0,True,run2,ibench-l1i,part1-experiments/run2/ibench-l1i.txt
read,634.1,806.0,101.3,180.7,206.0,333.9,446.1,745.5,874.3,1054.4,1690.5,1913.8,2994.1,8075.7,10144.2,10010.0,10000.0,1.9138,0.6341,2.9941,66.3,0.5,100.0,True,run2,ibench-l1i,part1-experiments/run2/ibench-l1i.txt
read,1767.5,2126.3,93.8,206.0,248.6,845.1,1774.0,2543.4,3361.3,3830.4,4333.6,6547.4,9006.6,15456.0,17883.1,14900.1,15000.0,6.5474,1.7675,9.0066,66.3,0.5,100.0,True,run2,ibench-l1i,part1-experiments/run2/ibench-l1i.txt
read,4533.9,2264.0,101.3,1309.8,1572.7,4005.4,4539.5,5350.7,6228.7,6864.1,7621.7,8406.8,12328.7,16240.6,23915.6,15941.6,20000.0,8.406799999999999,4.5339,12.328700000000001,66.3,0.5,100.0,True,run2,ibench-l1i,part1-experiments/run2/ibench-l1i.txt
read,4355.2,2130.2,148.8,1295.8,1547.1,3920.7,4354.6,4902.9,5713.5,6494.8,7278.8,8037.2,11109.7,16550.1,25063.8,16580.6,25000.0,8.0372,4.3552,11.1097,66.3,0.5,100.0,True,run2,ibench-l1i,part1-experiments/run2/ibench-l1i.txt
read,5840.3,2882.7,148.8,2192.9,3519.5,4833.9,6650.8,7335.1,7774.4,8215.8,9119.3,11012.2,15932.7,22727.3,25717.4,12662.6,30000.0,11.0122,5.8403,15.9327,66.3,0.5,100.0,True,run2,ibench-l1i,part1-experiments/run2/ibench-l1i.txt
read,6306.9,3543.1,187.4,1786.6,3423.5,5135.1,7170.7,7876.6,8380.1,9133.1,10429.1,13600.1,17694.5,27573.7,37961.0,11902.2,35000.0,13.600100000000001,6.3069,17.6945,66.3,0.5,100.0,True,run2,ibench-l1i,part1-experiments/run2/ibench-l1i.txt
read,4379.3,2033.3,202.4,1345.0,1626.3,3946.0,4329.8,4832.9,5695.7,6467.8,7377.0,8048.8,10309.9,16040.9,18518.5,16572.0,40000.0,8.0488,4.3793,10.309899999999999,66.3,0.5,100.0,True,run2,ibench-l1i,part1-experiments/run2/ibench-l1i.txt
read,4846.2,2793.5,202.4,1316.6,1663.9,4034.1,4721.6,5990.1,6671.3,7422.1,8029.3,9628.3,15621.1,24009.2,31509.4,15165.0,45000.0,9.6283,4.8462,15.6211,66.3,0.5,100.0,True,run2,ibench-l1i,part1-experiments/run2/ibench-l1i.txt
read,4873.3,2463.7,187.4,1383.2,2198.0,4155.6,4928.3,6144.7,6746.8,7382.2,7926.4,8971.2,14716.2,19440.5,25154.5,15031.4,50000.0,8.971200000000001,4.8733,14.7162,66.3,0.5,100.0,True,run2,ibench-l1i,part1-experiments/run2/ibench-l1i.txt
read,5936.7,2975.0,236.1,2129.9,3515.9,4941.8,6773.1,7477.8,7861.7,8359.8,9313.0,11335.1,16037.9,24028.0,28284.9,12563.4,55000.0,11.3351,5.9367,16.0379,66.3,0.5,100.0,True,run2,ibench-l1i,part1-experiments/run2/ibench-l1i.txt
read,9953.0,6133.9,218.6,1619.5,3412.9,8840.3,11745.0,13394.5,14790.2,15947.2,17750.0,21957.0,29337.0,39408.8,49027.3,8112.4,60000.0,21.957,9.953,29.337,66.3,0.5,100.0,True,run2,ibench-l1i,part1-experiments/run2/ibench-l1i.txt
read,4720.2,2546.9,202.4,1336.1,1630.9,3994.1,4648.4,5764.0,6527.8,7270.2,7882.0,9084.6,14861.1,18909.6,25710.6,15506.0,65000.0,9.0846,4.7202,14.8611,66.3,0.5,100.0,True,run2,ibench-l1i,part1-experiments/run2/ibench-l1i.txt
read,4166.7,2085.7,160.7,1295.4,1456.2,3774.9,4142.7,4531.6,5210.0,6133.2,7157.2,7975.5,10768.9,16160.6,23993.0,17365.0,70000.0,7.9755,4.1667,10.7689,66.3,0.5,100.0,True,run2,ibench-l1i,part1-experiments/run2/ibench-l1i.txt
read,3827.5,1887.0,187.4,1218.5,1343.9,3622.6,3967.1,4230.1,4539.3,5325.3,6501.4,7732.1,9317.1,15627.5,17254.5,18825.7,75000.0,7.7321,3.8275,9.3171,66.3,0.5,100.0,True,run2,ibench-l1i,part1-experiments/run2/ibench-l1i.txt
read,4625.0,2450.0,127.6,1288.0,1573.9,4009.4,4616.1,5479.1,6324.6,7028.0,7797.3,8809.8,14064.7,19995.7,25562.9,15774.0,80000.0,8.8098,4.625,14.0647,66.3,0.5,100.0,True,run2,ibench-l1i,part1-experiments/run2/ibench-l1i.txt
read,419.9,580.2,101.3,207.4,227.3,326.6,374.8,409.8,439.3,480.1,555.3,778.3,1987.3,8025.7,15262.2,5018.2,5000.0,0.7783,0.4199,1.9872999999999998,66.8,1.51,100.0,True,run2,ibench-l2,part1-experiments/run2/ibench-l2.txt
read,569.8,689.2,101.3,219.7,252.3,398.0,481.9,557.1,636.9,749.5,924.9,1351.3,3642.0,8017.2,10142.3,10081.0,10000.0,1.3513,0.5698,3.642,66.8,1.51,100.0,True,run2,ibench-l2,part1-experiments/run2/ibench-l2.txt
read,435.2,427.2,101.3,196.0,229.7,367.7,419.6,451.8,478.2,517.7,602.5,786.2,2098.5,6638.8,8078.1,14912.6,15000.0,0.7862,0.4352,2.0985,66.8,1.51,100.0,True,run2,ibench-l2,part1-experiments/run2/ibench-l2.txt
read,414.9,221.8,101.3,186.3,221.2,376.4,433.8,470.6,503.8,557.3,646.1,790.2,1134.2,2111.0,6979.0,19978.4,20000.0,0.7902,0.4149,1.1342,66.8,1.51,100.0,True,run2,ibench-l2,part1-experiments/run2/ibench-l2.txt
read,660.4,801.9,93.8,191.2,230.3,424.7,533.0,644.3,740.1,901.8,1291.8,2049.2,3939.9,8031.8,11439.4,25173.2,25000.0,2.0492,0.6604,3.9399,66.8,1.51,100.0,True,run2,ibench-l2,part1-experiments/run2/ibench-l2.txt
read,2003.9,1354.4,101.3,315.7,424.6,1905.1,2225.1,2430.8,2604.2,2851.4,3205.7,4003.9,7871.1,9919.1,13611.8,29182.2,30000.0,4.0039,2.0039000000000002,7.8711,66.8,1.51,100.0,True,run2,ibench-l2,part1-experiments/run2/ibench-l2.txt
read,3104.0,1476.7,160.7,1609.9,1784.3,2756.0,3230.1,3558.7,3805.5,4108.0,4701.6,6360.9,8076.2,11096.4,16207.1,23037.8,35000.0,6.3609,3.104,8.0762,66.8,1.51,100.0,True,run2,ibench-l2,part1-experiments/run2/ibench-l2.txt
read,3867.7,1960.2,255.0,1855.2,2089.7,3366.4,4033.7,4488.7,4877.9,5404.2,6396.8,7809.0,10545.8,16940.8,22725.8,18666.4,40000.0,7.809,3.8676999999999997,10.5458,66.8,1.51,100.0,True,run2,ibench-l2,part1-experiments/run2/ibench-l2.txt
read,3250.3,1500.5,187.4,1733.6,1932.3,2902.3,3350.9,3652.9,3894.0,4238.0,4850.6,6793.7,8114.1,12118.0,18164.0,22102.4,45000.0,6.793699999999999,3.2503,8.1141,66.8,1.51,100.0,True,run2,ibench-l2,part1-experiments/run2/ibench-l2.txt
read,3103.5,1607.4,218.6,1590.9,1778.9,2677.7,3131.4,3443.8,3723.5,4126.1,4882.6,7108.1,8517.2,14559.6,16973.1,23200.4,50000.0,7.1081,3.1035,8.5172,66.8,1.51,100.0,True,run2,ibench-l2,part1-experiments/run2/ibench-l2.txt
read,2769.0,1369.0,202.4,1473.0,1637.8,2435.6,2857.3,3103.4,3306.7,3596.7,4047.0,5401.1,8007.2,10212.1,15848.3,25802.1,55000.0,5.4011000000000005,2.769,8.0072,66.8,1.51,100.0,True,run2,ibench-l2,part1-experiments/run2/ibench-l2.txt
read,3106.1,1549.7,202.4,1568.8,1763.4,2736.9,3193.2,3506.1,3766.5,4117.0,4771.5,6811.2,8124.2,13157.2,16155.1,23078.8,60000.0,6.8111999999999995,3.1061,8.1242,66.8,1.51,100.0,True,run2,ibench-l2,part1-experiments/run2/ibench-l2.txt
read,3042.2,1493.3,255.0,1529.3,1721.8,2672.8,3158.8,3481.6,3737.4,4084.2,4685.2,6315.1,8060.2,11296.7,16234.7,23589.2,65000.0,6.3151,3.0422,8.0602,66.8,1.51,100.0,True,run2,ibench-l2,part1-experiments/run2/ibench-l2.txt
read,2816.5,1353.9,321.2,1540.2,1724.0,2513.7,2883.8,3106.8,3281.7,3540.0,3985.5,5253.0,8031.8,12033.1,15100.2,25475.0,70000.0,5.253,2.8165,8.0318,66.8,1.51,100.0,True,run2,ibench-l2,part1-experiments/run2/ibench-l2.txt
read,2409.3,1205.9,160.7,1423.6,1558.7,2105.3,2380.9,2573.2,2736.6,2946.9,3300.6,4251.8,7937.0,9507.7,13245.5,29618.6,75000.0,4.2518,2.4093,7.937,66.8,1.51,100.0,True,run2,ibench-l2,part1-experiments/run2/ibench-l2.txt
read,2422.2,1201.1,160.7,1427.8,1560.0,2128.4,2392.5,2584.9,2746.1,2966.9,3354.5,4213.7,7938.4,9652.3,12811.2,29499.4,80000.0,4.2137,2.4221999999999997,7.9384,66.8,1.51,100.0,True,run2,ibench-l2,part1-experiments/run2/ibench-l2.txt
read,362.1,327.9,137.8,224.1,241.9,325.7,363.4,385.3,401.7,424.4,456.1,521.8,1136.9,3124.6,12681.5,4979.8,5000.0,0.5217999999999999,0.36210000000000003,1.1369,66.03,1.0,100.0,True,run2,ibench-llc,part1-experiments/run2/ibench-llc.txt
read,427.5,416.0,109.4,218.7,242.9,366.9,422.5,456.1,482.0,516.4,577.7,697.8,1707.4,7338.6,9707.1,10062.4,10000.0,0.6978,0.4275,1.7074,66.03,1.0,100.0,True,run2,ibench-llc,part1-experiments/run2/ibench-llc.txt
read,516.4,696.8,109.4,214.0,244.8,401.8,475.1,522.5,563.8,617.7,687.0,910.6,3252.9,9307.1,15811.0,14954.2,15000.0,0.9106000000000001,0.5164,3.2529,66.03,1.0,100.0,True,run2,ibench-llc,part1-experiments/run2/ibench-llc.txt
read,672.8,992.4,101.3,219.6,256.2,455.0,564.8,636.4,691.2,788.1,1027.8,1871.9,5375.4,12835.0,17751.5,19954.8,20000.0,1.8719000000000001,0.6728,5.3754,66.03,1.0,100.0,True,run2,ibench-llc,part1-experiments/run2/ibench-llc.txt
read,791.4,963.9,101.3,230.6,275.4,532.5,687.9,806.4,935.2,1164.6,1588.2,2052.7,5615.6,10217.6,15524.2,24856.4,25000.0,2.0526999999999997,0.7914,5.615600000000001,66.03,1.0,100.0,True,run2,ibench-llc,part1-experiments/run2/ibench-llc.txt
read,2573.5,1240.1,137.8,1899.3,2001.2,2280.5,2383.4,2485.0,2548.4,2683.2,2965.0,4494.4,8034.9,12193.7,16967.5,27571.4,30000.0,4.4944,2.5735,8.0349,66.03,1.0,100.0,True,run2,ibench-llc,part1-experiments/run2/ibench-llc.txt
read,2474.7,1131.2,160.7,1830.4,1916.7,2189.8,2325.5,2411.5,2504.9,2633.6,2899.6,4183.7,7967.7,9959.6,13570.4,28796.4,35000.0,4.1837,2.4747,7.9677,66.03,1.0,100.0,True,run2,ibench-llc,part1-experiments/run2/ibench-llc.txt
read,2421.3,1129.9,255.0,1843.0,1912.9,2150.0,2258.3,2328.9,2373.0,2499.1,2733.2,4064.4,7955.6,10162.3,14953.5,29590.6,40000.0,4.0644,2.4213,7.9556000000000004,66.03,1.0,100.0,True,run2,ibench-llc,part1-experiments/run2/ibench-llc.txt
read,2411.5,1168.5,218.6,1763.3,1822.6,2091.6,2225.3,2339.3,2444.1,2602.7,2978.2,4220.5,7965.9,10175.0,15183.9,29632.6,45000.0,4.2205,2.4115,7.9658999999999995,66.03,1.0,100.0,True,run2,ibench-llc,part1-experiments/run2/ibench-llc.txt
read,2527.3,1198.9,173.5,1901.1,1957.1,2216.4,2336.7,2419.4,2507.6,2632.3,2912.5,4360.5,8013.1,10689.6,15814.0,28383.8,50000.0,4.3605,2.5273000000000003,8.0131,66.03,1.0,100.0,True,run2,ibench-llc,part1-experiments/run2/ibench-llc.txt
read,2336.2,1100.1,255.0,1752.6,1807.2,2058.0,2172.8,2261.8,2339.4,2465.5,2734.3,3926.2,7929.6,9283.5,12006.0,30628.4,55000.0,3.9261999999999997,2.3362,7.929600000000001,66.03,1.0,100.0,True,run2,ibench-llc,part1-experiments/run2/ibench-llc.txt
read,2263.4,1128.1,255.0,1667.9,1752.9,1982.0,2090.6,2165.4,2231.0,2349.0,2617.1,3870.3,7942.7,9769.5,14254.1,31626.8,60000.0,3.8703000000000003,2.2634000000000003,7.942699999999999,66.03,1.0,100.0,True,run2,ibench-llc,part1-experiments/run2/ibench-llc.txt
read,2470.5,1226.1,255.0,1827.5,1908.9,2157.5,2278.3,2350.2,2426.0,2542.8,2827.1,4357.1,8014.9,11203.4,18851.4,29077.2,65000.0,4.3571,2.4705,8.014899999999999,66.03,1.0,100.0,True,run2,ibench-llc,part1-experiments/run2/ibench-llc.txt
read,2410.1,1211.9,218.6,1724.1,1793.1,2080.6,2228.6,2346.6,2458.6,2627.2,3058.2,4269.0,7983.4,11522.8,15539.1,29773.2,70000.0,4.269,2.4101,7.9834,66.03,1.0,100.0,True,run2,ibench-llc,part1-experiments/run2/ibench-llc.txt
read,2510.1,1147.3,297.4,1893.6,1950.9,2218.8,2346.6,2443.0,2524.5,2655.4,2917.3,4271.9,7973.3,10009.7,17915.8,28574.4,75000.0,4.2719,2.5101,7.9733,66.03,1.0,100.0,True,run2,ibench-llc,part1-experiments/run2/ibench-llc.txt
read,2554.9,1278.4,297.4,1800.2,1889.5,2161.8,2341.1,2495.5,2648.1,2919.8,3495.4,4764.4,8009.6,11635.8,16200.1,28093.6,80000.0,4.764399999999999,2.5549,8.0096,66.03,1.0,100.0,True,run2,ibench-llc,part1-experiments/run2/ibench-llc.txt
read,299.1,187.4,109.4,192.8,207.3,276.3,307.3,324.9,338.8,356.0,379.8,426.6,820.1,2194.7,7836.2,5024.8,5000.0,0.42660000000000003,0.29910000000000003,0.8201,66.93,0.5,100.0,True,run2,ibench-membw,part1-experiments/run2/ibench-membw.txt
read,326.3,159.2,101.3,189.0,210.6,307.5,346.2,368.8,386.3,406.5,433.9,485.1,820.6,1970.3,4391.8,10033.8,10000.0,0.48510000000000003,0.32630000000000003,0.8206,66.93,0.5,100.0,True,run2,ibench-membw,part1-experiments/run2/ibench-membw.txt
read,349.9,239.2,101.3,178.7,203.5,324.4,370.6,396.2,415.3,437.5,469.9,535.7,986.6,3516.4,7389.3,15053.0,15000.0,0.5357000000000001,0.3499,0.9866,66.93,0.5,100.0,True,run2,ibench-membw,part1-experiments/run2/ibench-membw.txt
read,436.4,395.5,101.3,183.2,213.7,375.9,439.4,478.5,509.5,557.8,629.8,795.8,1688.7,6614.9,8124.1,19998.6,20000.0,0.7958,0.43639999999999995,1.6887,66.93,0.5,100.0,True,run2,ibench-membw,part1-experiments/run2/ibench-membw.txt
read,708.5,883.3,86.8,201.1,244.3,463.4,616.4,737.1,865.6,1062.3,1343.3,1853.6,4651.0,9018.1,15350.4,24895.0,25000.0,1.8536,0.7085,4.651,66.93,0.5,100.0,True,run2,ibench-membw,part1-experiments/run2/ibench-membw.txt
read,517.6,584.9,93.8,180.6,215.2,399.7,490.7,555.1,608.5,672.7,804.4,1171.5,2604.7,7847.9,12906.2,30060.2,30000.0,1.1715,0.5176000000000001,2.6047,66.93,0.5,100.0,True,run2,ibench-membw,part1-experiments/run2/ibench-membw.txt
read,631.4,686.1,93.8,195.1,238.8,461.6,603.4,693.3,786.6,926.6,1152.1,1461.7,3036.9,8129.6,10819.3,34858.8,35000.0,1.4617,0.6314,3.0369,66.93,0.5,100.0,True,run2,ibench-membw,part1-experiments/run2/ibench-membw.txt
read,792.2,731.4,93.8,213.8,268.7,586.0,837.8,1055.5,1182.7,1299.4,1447.3,1820.7,3132.2,7984.3,10704.3,39896.2,40000.0,1.8207,0.7922,3.1321999999999997,66.93,0.5,100.0,True,run2,ibench-membw,part1-experiments/run2/ibench-membw.txt
read,1764.3,1056.7,202.4,1212.5,1268.8,1474.9,1601.8,1711.9,1822.0,2012.9,2500.0,2995.8,7799.8,10106.2,14814.2,39843.4,45000.0,2.9958,1.7643,7.7998,66.93,0.5,100.0,True,run2,ibench-membw,part1-experiments/run2/ibench-membw.txt
read,1669.9,949.4,187.4,1181.8,1221.0,1428.8,1549.3,1641.7,1727.6,1866.0,2242.6,2791.8,7687.9,8931.4,12629.4,41987.0,50000.0,2.7918000000000003,1.6699000000000002,7.6879,66.93,0.5,100.0,True,run2,ibench-membw,part1-experiments/run2/ibench-membw.txt
read,1561.2,880.6,173.5,1131.1,1186.3,1344.8,1426.3,1485.6,1559.9,1684.5,2177.2,2642.3,7603.9,8165.3,10586.5,44614.4,55000.0,2.6423,1.5612000000000001,7.603899999999999,66.93,0.5,100.0,True,run2,ibench-membw,part1-experiments/run2/ibench-membw.txt
read,1811.5,1040.1,160.7,1304.4,1355.1,1556.0,1650.7,1721.3,1792.0,1909.5,2306.6,3052.3,7818.5,9776.8,13177.8,38957.4,60000.0,3.0523000000000002,1.8115,7.8185,66.93,0.5,100.0,True,run2,ibench-membw,part1-experiments/run2/ibench-membw.txt
read,1688.7,963.2,236.1,1214.2,1269.4,1450.5,1541.9,1606.2,1683.3,1803.1,2225.7,2853.8,7717.5,9049.6,12195.5,41551.6,65000.0,2.8538,1.6887,7.7175,66.93,0.5,100.0,True,run2,ibench-membw,part1-experiments/run2/ibench-membw.txt
read,1599.8,928.8,218.6,1181.3,1217.1,1381.0,1459.5,1498.1,1563.0,1647.3,2007.3,2695.6,7640.7,9222.9,14747.3,43620.0,70000.0,2.6955999999999998,1.5997999999999999,7.6407,66.93,0.5,100.0,True,run2,ibench-membw,part1-experiments/run2/ibench-membw.txt
read,1599.1,897.5,173.5,1153.6,1205.1,1379.5,1468.7,1533.1,1598.0,1714.7,2062.4,2697.9,7628.6,8171.4,10743.6,43660.6,75000.0,2.6979,1.5991,7.6286000000000005,66.93,0.5,100.0,True,run2,ibench-membw,part1-experiments/run2/ibench-membw.txt
read,1422.9,799.6,160.7,1045.9,1095.2,1234.6,1294.1,1350.8,1386.4,1491.3,2058.6,2423.0,7066.9,8120.4,10216.9,48466.8,80000.0,2.423,1.4229,7.0668999999999995,66.93,0.5,100.0,True,run2,ibench-membw,part1-experiments/run2/ibench-membw.txt
read,289.2,94.7,109.4,200.7,216.7,279.6,305.8,319.7,331.8,344.7,364.9,396.0,477.9,1370.5,3822.6,4953.2,5000.0,0.396,0.2892,0.4779,67.24,1.01,100.0,True,run3,no-ibench,part1-experiments/run3/no-ibench.txt
read,323.6,115.1,101.3,204.4,227.7,312.4,345.3,364.7,378.1,396.6,422.0,464.3,637.3,1220.0,3974.3,9936.0,10000.0,0.4643,0.3236,0.6373,67.24,1.01,100.0,True,run3,no-ibench,part1-experiments/run3/no-ibench.txt
read,345.5,138.1,93.8,187.0,220.2,332.4,371.9,394.7,411.3,431.9,462.8,531.2,792.7,1372.0,3273.9,15031.0,15000.0,0.5312,0.3455,0.7927000000000001,67.24,1.01,100.0,True,run3,no-ibench,part1-experiments/run3/no-ibench.txt
read,348.4,140.5,93.8,177.9,208.4,334.2,378.0,401.9,421.2,444.1,479.5,568.1,762.4,1814.1,2976.1,19803.0,20000.0,0.5681,0.3484,0.7624,67.24,1.01,100.0,True,run3,no-ibench,part1-experiments/run3/no-ibench.txt
read,351.7,137.0,86.8,168.7,196.7,339.6,389.6,417.2,436.6,464.5,506.6,597.1,744.0,937.5,2879.7,25020.2,25000.0,0.5971000000000001,0.3517,0.744,67.24,1.01,100.0,True,run3,no-ibench,part1-experiments/run3/no-ibench.txt
read,376.2,180.6,93.8,170.0,199.1,354.1,410.5,444.0,470.1,508.1,577.1,666.9,829.5,2086.1,3489.8,30059.2,30000.0,0.6668999999999999,0.3762,0.8295,67.24,1.01,100.0,True,run3,no-ibench,part1-experiments/run3/no-ibench.txt
read,384.8,181.8,93.8,169.2,198.6,358.0,418.3,458.1,494.0,550.7,619.3,694.4,854.1,1320.4,4331.4,34832.2,35000.0,0.6944,0.38480000000000003,0.8541,67.24,1.01,100.0,True,run3,no-ibench,part1-experiments/run3/no-ibench.txt
read,467.4,355.8,93.8,174.8,210.5,391.7,479.0,552.2,609.3,669.3,751.8,936.7,1678.2,3719.5,8888.3,40048.0,40000.0,0.9367000000000001,0.4674,1.6782000000000001,67.24,1.01,100.0,True,run3,no-ibench,part1-experiments/run3/no-ibench.txt
read,1214.4,863.1,101.3,284.1,366.4,1199.6,1328.9,1409.3,1479.2,1583.2,1792.5,2364.9,4517.3,8100.8,10178.8,44989.2,45000.0,2.3649,1.2144000000000001,4.5173000000000005,67.24,1.01,100.0,True,run3,no-ibench,part1-experiments/run3/no-ibench.txt
read,1626.7,939.8,187.4,1063.4,1129.0,1398.2,1550.4,1656.0,1744.8,1916.0,2258.8,2737.4,7644.7,9347.4,14616.7,42956.4,50000.0,2.7374,1.6267,7.644699999999999,67.24,1.01,100.0,True,run3,no-ibench,part1-experiments/run3/no-ibench.txt
read,1616.4,911.9,137.8,1103.9,1156.6,1398.7,1527.6,1612.2,1698.3,1835.8,2228.8,2725.0,7649.0,8856.2,11209.1,43238.4,55000.0,2.725,1.6164,7.649,67.24,1.01,100.0,True,run3,no-ibench,part1-experiments/run3/no-ibench.txt
read,1564.8,865.7,160.7,1089.5,1141.4,1365.7,1479.7,1561.0,1619.4,1726.2,2060.7,2651.7,7578.2,8353.0,10676.6,44506.4,60000.0,2.6517,1.5648,7.5782,67.24,1.01,100.0,True,run3,no-ibench,part1-experiments/run3/no-ibench.txt
read,1544.5,855.5,173.5,1090.3,1138.3,1351.0,1456.6,1527.5,1590.4,1689.0,1994.8,2610.6,7570.4,8307.7,10934.8,45063.6,65000.0,2.6106,1.5445,7.570399999999999,67.24,1.01,100.0,True,run3,no-ibench,part1-experiments/run3/no-ibench.txt
read,1638.1,919.3,137.8,1084.4,1148.2,1414.5,1561.5,1665.9,1755.1,1919.6,2271.9,2746.1,7655.1,8349.4,10859.3,42693.8,70000.0,2.7460999999999998,1.6381,7.6551,67.24,1.01,100.0,True,run3,no-ibench,part1-experiments/run3/no-ibench.txt
read,1514.6,841.3,321.2,1049.6,1108.5,1315.6,1429.4,1507.2,1584.0,1705.8,2102.5,2549.1,7452.6,8419.3,11965.7,45793.0,75000.0,2.5490999999999997,1.5146,7.4526,67.24,1.01,100.0,True,run3,no-ibench,part1-experiments/run3/no-ibench.txt
read,1594.7,893.5,173.5,1095.6,1145.4,1378.7,1503.1,1593.1,1673.3,1798.9,2187.9,2700.8,7613.0,8495.0,10210.1,43828.2,80000.0,2.7008,1.5947,7.613,67.24,1.01,100.0,True,run3,no-ibench,part1-experiments/run3/no-ibench.txt
read,367.3,452.1,101.3,163.6,178.5,250.4,286.8,313.3,340.5,397.3,667.4,1081.2,1894.5,7227.7,9685.3,4990.0,5000.0,1.0812,0.3673,1.8945,66.83,1.0,100.0,True,run3,ibench-cpu,part1-experiments/run3/ibench-cpu.txt
read,438.7,528.3,93.8,162.0,182.1,279.3,329.3,372.8,446.6,672.8,849.2,1637.8,2326.5,7485.4,9214.6,9965.6,10000.0,1.6378,0.4387,2.3265,66.83,1.0,100.0,True,run3,ibench-cpu,part1-experiments/run3/ibench-cpu.txt
read,556.2,627.7,93.8,163.9,191.6,327.2,422.7,649.0,774.7,915.7,1280.9,1792.1,2436.3,7768.4,8985.9,14992.0,15000.0,1.7920999999999998,0.5562,2.4363,66.83,1.0,100.0,True,run3,ibench-cpu,part1-experiments/run3/ibench-cpu.txt
read,677.7,705.3,101.3,170.0,202.7,394.3,672.0,838.6,981.1,1187.5,1716.2,1886.3,2781.9,7787.1,9567.6,20049.0,20000.0,1.8862999999999999,0.6777000000000001,2.7819000000000003,66.83,1.0,100.0,True,run3,ibench-cpu,part1-experiments/run3/ibench-cpu.txt
read,3402.0,1719.6,137.8,1142.2,1253.6,3398.5,3682.4,3885.7,4056.9,4507.2,5472.2,7196.8,8134.8,12581.3,16398.2,21017.0,25000.0,7.1968000000000005,3.402,8.1348,66.83,1.0,100.0,True,run3,ibench-cpu,part1-experiments/run3/ibench-cpu.txt
read,3086.6,1596.2,137.8,1085.2,1185.3,3266.6,3449.1,3589.4,3709.1,3959.0,4532.7,6471.0,8044.9,10187.6,13843.2,23073.8,30000.0,6.471,3.0866,8.0449,66.83,1.0,100.0,True,run3,ibench-cpu,part1-experiments/run3/ibench-cpu.txt
read,3078.9,1573.8,148.8,1104.5,1196.4,3274.1,3443.4,3567.1,3684.6,3893.9,4515.3,6297.2,8026.3,9967.6,13825.5,23196.0,35000.0,6.2972,3.0789,8.0263,66.83,1.0,100.0,True,run3,ibench-cpu,part1-experiments/run3/ibench-cpu.txt
read,3091.3,1581.6,148.8,1126.8,1214.7,3276.1,3438.0,3549.2,3668.0,3847.7,4500.3,6248.9,8048.6,11178.2,16832.1,23136.6,40000.0,6.2489,3.0913000000000004,8.0486,66.83,1.0,100.0,True,run3,ibench-cpu,part1-experiments/run3/ibench-cpu.txt
read,3055.2,1564.0,148.8,1114.5,1203.2,3253.4,3419.5,3510.3,3648.7,3848.6,4459.9,6299.2,8017.1,9898.6,13773.9,23426.4,45000.0,6.2992,3.0551999999999997,8.017100000000001,66.83,1.0,100.0,True,run3,ibench-cpu,part1-experiments/run3/ibench-cpu.txt
read,2971.8,1578.9,173.5,1063.5,1148.2,3186.8,3382.3,3472.2,3604.3,3784.5,4363.0,5748.0,8020.6,12169.9,15212.8,24037.6,50000.0,5.748,2.9718,8.0206,66.83,1.0,100.0,True,run3,ibench-cpu,part1-experiments/run3/ibench-cpu.txt
read,2960.1,1561.4,173.5,1058.9,1144.9,3186.6,3376.2,3463.3,3579.1,3757.7,4328.1,5809.8,8014.5,10105.2,13500.4,24159.8,55000.0,5.8098,2.9600999999999997,8.0145,66.83,1.0,100.0,True,run3,ibench-cpu,part1-experiments/run3/ibench-cpu.txt
read,2979.8,1575.8,173.5,1064.0,1158.3,3202.4,3386.7,3470.8,3597.5,3769.8,4367.4,5726.1,8023.8,12513.6,14955.6,23922.2,60000.0,5.726100000000001,2.9798,8.0238,66.83,1.0,100.0,True,run3,ibench-cpu,part1-experiments/run3/ibench-cpu.txt
read,3033.4,1582.0,160.7,1093.4,1186.2,3240.5,3409.1,3488.4,3634.4,3835.3,4402.3,5956.9,8033.6,12204.3,17818.8,23540.0,65000.0,5.956899999999999,3.0334,8.0336,66.83,1.0,100.0,True,run3,ibench-cpu,part1-experiments/run3/ibench-cpu.txt
read,9170.1,5209.9,173.5,1444.3,2749.9,7930.9,10617.5,11951.4,13138.6,14751.4,15986.6,18632.3,25193.7,32504.8,40249.9,8555.2,70000.0,18.6323,9.1701,25.1937,66.83,1.0,100.0,True,run3,ibench-cpu,part1-experiments/run3/ibench-cpu.txt
read,3253.9,1580.6,218.6,1197.0,1287.0,3357.8,3531.6,3666.9,3751.4,4011.6,4702.4,6785.2,8070.5,10204.5,15174.1,22009.2,75000.0,6.7852,3.2539000000000002,8.0705,66.83,1.0,100.0,True,run3,ibench-cpu,part1-experiments/run3/ibench-cpu.txt
read,3073.7,1553.6,202.4,1106.3,1198.8,3273.6,3442.7,3565.9,3684.6,3889.7,4449.2,6079.2,8009.2,9926.2,14141.2,23180.0,80000.0,6.0792,3.0736999999999997,8.0092,66.83,1.0,100.0,True,run3,ibench-cpu,part1-experiments/run3/ibench-cpu.txt
read,274.9,93.9,109.4,180.4,195.6,265.6,294.4,311.6,323.7,339.3,359.9,392.5,467.1,1285.8,3202.5,4991.2,5000.0,0.3925,0.2749,0.4671,66.03,0.5,100.0,True,run3,ibench-l1d,part1-experiments/run3/ibench-l1d.txt
read,324.8,149.3,101.3,185.8,211.6,313.4,350.5,371.1,387.0,404.0,430.5,472.3,656.5,1789.8,6983.1,9963.6,10000.0,0.4723,0.32480000000000003,0.6565,66.03,0.5,100.0,True,run3,ibench-l1d,part1-experiments/run3/ibench-l1d.txt
read,350.4,171.2,101.3,181.1,210.4,333.3,376.0,399.8,418.7,441.0,474.4,554.1,803.2,2102.7,7133.6,14982.8,15000.0,0.5541,0.3504,0.8032,66.03,0.5,100.0,True,run3,ibench-l1d,part1-experiments/run3/ibench-l1d.txt
read,358.5,154.8,93.8,175.8,203.5,345.1,392.8,419.7,439.2,466.3,507.3,602.4,775.8,1196.8,6218.1,20031.4,20000.0,0.6023999999999999,0.3585,0.7757999999999999,66.03,0.5,100.0,True,run3,ibench-l1d,part1-experiments/run3/ibench-l1d.txt
read,382.2,203.0,101.3,176.9,204.2,358.7,413.5,446.2,471.2,508.4,575.2,669.1,859.0,2988.6,6026.8,25074.8,25000.0,0.6691,0.3822,0.859,66.03,0.5,100.0,True,run3,ibench-l1d,part1-experiments/run3/ibench-l1d.txt
read,401.9,201.7,93.8,178.2,206.6,368.1,432.0,472.9,509.0,567.0,634.7,735.5,1026.2,2129.6,3159.4,29901.8,30000.0,0.7355,0.4019,1.0262,66.03,0.5,100.0,True,run3,ibench-l1d,part1-experiments/run3/ibench-l1d.txt
read,1909.0,1100.3,101.3,566.4,1197.7,1785.0,1945.9,2031.9,2119.7,2220.5,2407.4,3328.6,7835.6,9216.6,11663.4,34676.2,35000.0,3.3286,1.909,7.8356,66.03,0.5,100.0,True,run3,ibench-l1d,part1-experiments/run3/ibench-l1d.txt
read,2084.3,1084.9,118.1,1303.3,1411.3,1869.9,2032.5,2144.0,2225.2,2343.8,2559.7,3539.1,7881.8,9292.6,12025.5,34057.4,40000.0,3.5391,2.0843000000000003,7.8818,66.03,0.5,100.0,True,run3,ibench-l1d,part1-experiments/run3/ibench-l1d.txt
read,2055.4,1071.0,148.8,1307.1,1413.2,1839.1,1991.0,2088.0,2169.7,2293.5,2517.1,3472.3,7873.7,9267.6,12006.8,34604.0,45000.0,3.4723,2.0554,7.8736999999999995,66.03,0.5,100.0,True,run3,ibench-l1d,part1-experiments/run3/ibench-l1d.txt
read,2047.1,1065.1,275.4,1309.3,1414.3,1829.1,1980.3,2074.5,2158.1,2275.6,2500.4,3470.2,7869.8,9479.1,11610.9,34716.0,50000.0,3.4701999999999997,2.0471,7.869800000000001,66.03,0.5,100.0,True,run3,ibench-l1d,part1-experiments/run3/ibench-l1d.txt
read,2033.9,1066.6,202.4,1292.7,1395.7,1827.9,1977.5,2063.4,2141.0,2237.4,2424.0,3469.3,7866.4,9154.0,12979.5,35013.7,55000.0,3.4693,2.0339,7.8664,66.03,0.5,100.0,True,run3,ibench-l1d,part1-experiments/run3/ibench-l1d.txt
read,2011.4,1065.1,173.5,1291.8,1391.5,1807.0,1954.0,2032.7,2116.6,2207.9,2402.1,3408.1,7858.5,10024.7,15047.0,35257.4,60000.0,3.4081,2.0114,7.8585,66.03,0.5,100.0,True,run3,ibench-l1d,part1-experiments/run3/ibench-l1d.txt
read,1983.3,1058.9,187.4,1277.1,1378.8,1784.1,1917.1,1997.5,2059.0,2160.2,2344.9,3358.6,7860.4,9684.1,14334.9,35925.6,65000.0,3.3586,1.9833,7.860399999999999,66.03,0.5,100.0,True,run3,ibench-l1d,part1-experiments/run3/ibench-l1d.txt
read,2027.8,1065.8,187.4,1301.7,1401.7,1817.2,1966.3,2046.8,2129.1,2224.9,2441.4,3434.4,7873.5,9455.3,12073.2,35138.2,70000.0,3.4344,2.0278,7.8735,66.03,0.5,100.0,True,run3,ibench-l1d,part1-experiments/run3/ibench-l1d.txt
read,2079.7,1072.6,160.7,1333.7,1442.3,1871.0,2015.9,2112.2,2180.1,2292.5,2489.0,3539.9,7879.4,9625.3,12356.0,34234.2,75000.0,3.5399000000000003,2.0797,7.8793999999999995,66.03,0.5,100.0,True,run3,ibench-l1d,part1-experiments/run3/ibench-l1d.txt
read,1969.8,1052.3,118.1,1232.9,1335.6,1764.3,1911.0,1998.6,2068.2,2172.2,2377.9,3389.6,7850.0,9364.1,11560.0,36109.6,80000.0,3.3895999999999997,1.9698,7.85,66.03,0.5,100.0,True,run3,ibench-l1d,part1-experiments/run3/ibench-l1d.txt
read,539.7,830.3,109.4,179.2,196.0,281.8,337.1,396.6,544.5,790.2,1090.1,1831.7,3991.8,8023.8,10157.5,5006.4,5000.0,1.8317,0.5397000000000001,3.9918,66.06,0.5,100.0,True,run3,ibench-l1i,part1-experiments/run3/ibench-l1i.txt
read,571.6,734.6,101.3,176.4,199.5,311.4,387.3,581.2,763.4,908.0,1624.1,1833.9,2815.1,7940.0,9796.9,10005.4,10000.0,1.8339,0.5716,2.8150999999999997,66.06,0.5,100.0,True,run3,ibench-l1i,part1-experiments/run3/ibench-l1i.txt
read,673.1,775.5,101.3,176.5,205.9,359.6,609.8,824.2,951.1,1186.6,1735.4,1935.3,2979.0,7953.8,9429.9,15085.4,15000.0,1.9353,0.6731,2.979,66.06,0.5,100.0,True,run3,ibench-l1i,part1-experiments/run3/ibench-l1i.txt
read,767.6,784.3,86.8,182.6,220.9,451.2,785.7,969.8,1105.1,1623.1,1807.7,2016.1,2985.4,7932.7,10263.3,19899.2,20000.0,2.0161,0.7676000000000001,2.9854000000000003,66.06,0.5,100.0,True,run3,ibench-l1i,part1-experiments/run3/ibench-l1i.txt
read,3212.7,1754.6,109.4,1093.7,1199.3,3339.6,3523.3,3679.7,3790.0,4052.6,4760.2,6902.2,8116.4,15650.0,25076.3,21975.4,25000.0,6.9022,3.2127,8.1164,66.06,0.5,100.0,True,run3,ibench-l1i,part1-experiments/run3/ibench-l1i.txt
read,3127.6,1568.0,137.8,1132.7,1222.6,3314.0,3459.8,3586.3,3695.1,3916.8,4567.8,6461.4,8029.1,10223.8,14522.8,22745.8,30000.0,6.461399999999999,3.1275999999999997,8.0291,66.06,0.5,100.0,True,run3,ibench-l1i,part1-experiments/run3/ibench-l1i.txt
read,3200.5,1619.0,127.6,1157.3,1242.4,3335.8,3492.7,3643.7,3738.0,4013.6,4663.8,6651.5,8080.3,13608.1,15595.5,22392.0,35000.0,6.6515,3.2005,8.0803,66.06,0.5,100.0,True,run3,ibench-l1i,part1-experiments/run3/ibench-l1i.txt
read,3183.2,1603.1,137.8,1166.5,1253.7,3334.3,3476.0,3607.9,3702.0,3887.7,4552.8,6687.9,8087.2,11358.3,21731.7,22462.4,40000.0,6.6879,3.1832,8.0872,66.06,0.5,100.0,True,run3,ibench-l1i,part1-experiments/run3/ibench-l1i.txt
read,3130.0,1550.2,187.4,1152.5,1237.5,3317.5,3457.6,3569.6,3668.8,3768.0,4506.8,6470.1,8028.4,10038.5,14238.3,22889.6,45000.0,6.4701,3.13,8.0284,66.06,0.5,100.0,True,run3,ibench-l1i,part1-experiments/run3/ibench-l1i.txt
read,3032.6,1546.1,160.7,1112.6,1197.0,3270.6,3414.5,3482.3,3607.8,3754.0,4391.2,6039.4,8016.5,9992.5,13747.5,23511.7,50000.0,6.0394,3.0326,8.0165,66.06,0.5,100.0,True,run3,ibench-l1i,part1-experiments/run3/ibench-l1i.txt
read,3129.3,1596.1,137.8,1122.6,1220.0,3305.4,3458.0,3584.4,3691.7,3904.4,4541.1,6505.9,8052.7,13410.1,15047.0,22834.0,55000.0,6.5059,3.1293,8.0527,66.06,0.5,100.0,True,run3,ibench-l1i,part1-experiments/run3/ibench-l1i.txt
read,3051.9,1567.6,202.4,1097.3,1188.5,3272.2,3428.6,3522.2,3648.3,3791.4,4437.9,6104.8,8027.0,10152.8,14630.3,23453.4,60000.0,6.1048,3.0519000000000003,8.027,66.06,0.5,100.0,True,run3,ibench-l1i,part1-experiments/run3/ibench-l1i.txt
read,3117.4,1576.1,173.5,1131.2,1219.0,3302.0,3448.1,3561.5,3677.9,3887.8,4574.5,6508.6,8037.4,10248.6,12905.9,22949.8,65000.0,6.5086,3.1174,8.0374,66.06,0.5,100.0,True,run3,ibench-l1i,part1-experiments/run3/ibench-l1i.txt
read,3064.9,1556.3,173.5,1114.7,1202.4,3281.4,3426.8,3504.3,3634.1,3763.8,4446.5,6280.0,8020.8,9867.0,12781.6,23367.2,70000.0,6.28,3.0649,8.0208,66.06,0.5,100.0,True,run3,ibench-l1i,part1-experiments/run3/ibench-l1i.txt
read,3113.6,1584.2,202.4,1135.9,1219.5,3298.8,3443.9,3551.2,3671.6,3889.0,4555.4,6389.7,8054.5,11032.7,14509.5,22943.5,75000.0,6.3896999999999995,3.1136,8.0545,66.06,0.5,100.0,True,run3,ibench-l1i,part1-experiments/run3/ibench-l1i.txt
read,3135.4,1568.4,160.7,1142.5,1232.1,3313.5,3462.7,3589.9,3693.1,3905.2,4589.4,6560.5,8027.4,9958.1,14269.2,22819.6,80000.0,6.5605,3.1354,8.0274,66.06,0.5,100.0,True,run3,ibench-l1i,part1-experiments/run3/ibench-l1i.txt
read,280.7,98.3,109.4,184.0,199.2,271.2,300.7,317.8,330.9,345.3,366.0,397.9,486.1,1290.4,3301.1,4933.4,5000.0,0.3979,0.2807,0.48610000000000003,66.66,1.0,100.0,True,run3,ibench-l2,part1-experiments/run3/ibench-l2.txt
read,321.5,108.0,101.3,187.8,211.2,311.7,348.5,369.3,384.9,402.4,429.0,474.5,657.9,1106.0,3108.1,10072.6,10000.0,0.4745,0.3215,0.6578999999999999,66.66,1.0,100.0,True,run3,ibench-l2,part1-experiments/run3/ibench-l2.txt
read,335.5,113.0,101.3,180.9,207.8,328.7,370.0,392.3,407.5,427.8,455.8,506.7,674.6,870.8,3066.9,14904.6,15000.0,0.5067,0.3355,0.6746,66.66,1.0,100.0,True,run3,ibench-l2,part1-experiments/run3/ibench-l2.txt
read,372.5,217.3,93.8,179.1,207.7,353.5,401.6,429.9,452.5,481.7,533.5,632.5,826.1,1993.2,9231.2,19969.2,20000.0,0.6325,0.3725,0.8261000000000001,66.66,1.0,100.0,True,run3,ibench-l2,part1-experiments/run3/ibench-l2.txt
read,451.5,434.5,93.8,181.3,212.4,375.1,436.6,478.8,520.2,586.7,671.7,834.9,2187.7,7265.8,9237.3,25100.8,25000.0,0.8349,0.4515,2.1877,66.66,1.0,100.0,True,run3,ibench-l2,part1-experiments/run3/ibench-l2.txt
read,555.3,581.9,86.8,185.6,219.3,400.4,494.8,587.3,661.1,756.5,964.7,1557.5,2791.5,7811.4,9143.5,29953.4,30000.0,1.5575,0.5552999999999999,2.7915,66.66,1.0,100.0,True,run3,ibench-l2,part1-experiments/run3/ibench-l2.txt
read,2207.6,1212.0,118.1,1291.0,1427.1,1939.1,2149.1,2292.2,2411.5,2605.4,3010.7,3877.2,7939.3,11970.5,15596.2,32066.4,35000.0,3.8771999999999998,2.2076,7.9393,66.66,1.0,100.0,True,run3,ibench-l2,part1-experiments/run3/ibench-l2.txt
read,2240.8,1144.2,127.6,1337.8,1471.1,1986.8,2196.6,2338.9,2464.8,2648.1,2978.2,3833.1,7909.5,9489.2,13226.0,31797.5,40000.0,3.8331,2.2408,7.9095,66.66,1.0,100.0,True,run3,ibench-l2,part1-experiments/run3/ibench-l2.txt
read,2250.5,1137.1,173.5,1388.7,1512.6,2001.7,2196.1,2326.8,2435.7,2595.6,2924.3,3878.9,7912.3,9718.2,13087.6,31673.0,45000.0,3.8789000000000002,2.2505,7.9123,66.66,1.0,100.0,True,run3,ibench-l2,part1-experiments/run3/ibench-l2.txt
read,2127.3,1111.0,187.4,1276.1,1393.4,1888.6,2087.8,2212.7,2327.9,2497.2,2793.0,3629.1,7887.5,9087.8,10245.8,33508.7,50000.0,3.6290999999999998,2.1273,7.8875,66.66,1.0,100.0,True,run3,ibench-l2,part1-experiments/run3/ibench-l2.txt
read,2206.7,1146.5,218.6,1308.7,1440.1,1954.0,2163.1,2303.8,2416.7,2579.3,2927.1,3822.6,7913.6,9731.5,12777.4,32339.8,55000.0,3.8226,2.2066999999999997,7.913600000000001,66.66,1.0,100.0,True,run3,ibench-l2,part1-experiments/run3/ibench-l2.txt
read,2052.6,1118.5,148.8,1226.0,1349.2,1817.6,1999.2,2116.5,2203.5,2361.7,2723.5,3564.9,7885.9,10196.1,13730.3,34589.2,60000.0,3.5649,2.0526,7.8858999999999995,66.66,1.0,100.0,True,run3,ibench-l2,part1-experiments/run3/ibench-l2.txt
read,2053.5,1125.2,187.4,1243.5,1355.3,1819.1,1998.4,2114.8,2199.1,2342.4,2668.8,3550.2,7890.4,10015.8,14901.9,34756.5,65000.0,3.5502,2.0535,7.8904,66.66,1.0,100.0,True,run3,ibench-l2,part1-experiments/run3/ibench-l2.txt
read,2222.7,1173.0,137.8,1333.5,1456.8,1935.7,2140.6,2290.0,2421.9,2654.0,3094.7,3925.1,7924.6,9941.4,12762.9,32156.6,70000.0,3.9251,2.2226999999999997,7.924600000000001,66.66,1.0,100.0,True,run3,ibench-l2,part1-experiments/run3/ibench-l2.txt
read,2219.0,1170.7,160.7,1353.2,1475.3,1964.4,2158.7,2286.4,2379.0,2550.3,2901.6,3827.7,7929.4,10246.7,15051.1,32244.4,75000.0,3.8276999999999997,2.219,7.929399999999999,66.66,1.0,100.0,True,run3,ibench-l2,part1-experiments/run3/ibench-l2.txt
read,2229.5,1142.5,218.6,1343.7,1476.5,1964.9,2175.1,2323.3,2452.9,2647.3,3000.7,3830.3,7903.8,9614.1,13433.2,31978.6,80000.0,3.8303000000000003,2.2295,7.9038,66.66,1.0,100.0,True,run3,ibench-l2,part1-experiments/run3/ibench-l2.txt
read,349.2,254.8,118.1,219.6,235.1,312.9,349.1,371.1,388.5,408.8,439.4,513.5,1265.0,2533.7,8076.7,5036.2,5000.0,0.5135,0.3492,1.265,65.73,0.0,100.0,True,run3,ibench-llc,part1-experiments/run3/ibench-llc.txt
read,441.9,672.5,109.4,213.4,238.2,357.6,409.4,439.6,462.6,493.1,540.8,632.9,2332.9,10554.3,14504.0,10032.6,10000.0,0.6329,0.44189999999999996,2.3329,65.73,0.0,100.0,True,run3,ibench-llc,part1-experiments/run3/ibench-llc.txt
read,532.8,967.5,109.4,209.2,238.7,389.7,457.9,500.3,537.2,582.0,637.0,813.8,4791.9,13767.1,20139.5,14938.6,15000.0,0.8138,0.5327999999999999,4.7919,65.73,0.0,100.0,True,run3,ibench-llc,part1-experiments/run3/ibench-llc.txt
read,545.6,617.0,101.3,210.6,245.2,425.7,517.1,579.2,620.0,672.0,769.4,1104.4,3203.1,7920.9,9412.5,19916.6,20000.0,1.1044,0.5456,3.2031,65.73,0.0,100.0,True,run3,ibench-llc,part1-experiments/run3/ibench-llc.txt
read,582.5,552.1,101.3,214.8,254.9,468.6,590.7,651.8,706.2,784.3,903.8,1233.6,2525.5,7792.9,10217.1,24944.6,25000.0,1.2335999999999998,0.5825,2.5255,65.73,0.0,100.0,True,run3,ibench-llc,part1-experiments/run3/ibench-llc.txt
read,2446.0,1207.3,118.1,1763.6,1893.2,2167.1,2299.8,2372.8,2472.6,2590.5,2916.0,4319.2,8002.9,10151.8,14695.1,28607.4,30000.0,4.3191999999999995,2.446,8.0029,65.73,0.0,100.0,True,run3,ibench-llc,part1-experiments/run3/ibench-llc.txt
read,2250.3,1274.0,218.6,1638.4,1698.2,1940.2,2034.2,2124.9,2183.5,2310.4,2627.9,3839.8,8035.1,14043.3,17589.4,31875.2,35000.0,3.8398000000000003,2.2503,8.0351,65.73,0.0,100.0,True,run3,ibench-llc,part1-experiments/run3/ibench-llc.txt
read,2610.3,1168.6,173.5,1983.1,2061.3,2313.0,2432.6,2520.0,2588.5,2729.9,3013.6,4468.5,7999.1,10109.1,15620.5,27408.0,40000.0,4.4685,2.6103,7.9991,65.73,0.0,100.0,True,run3,ibench-llc,part1-experiments/run3/ibench-llc.txt
read,2500.1,1180.6,321.2,1895.0,1946.9,2190.1,2315.1,2377.6,2478.2,2597.4,2923.2,4269.7,8000.7,11067.2,15620.4,28646.8,45000.0,4.269699999999999,2.5000999999999998,8.0007,65.73,0.0,100.0,True,run3,ibench-llc,part1-experiments/run3/ibench-llc.txt
read,2296.2,1178.0,255.0,1676.8,1758.7,1996.2,2113.0,2182.5,2265.3,2374.1,2731.5,3954.7,7961.2,10955.6,15797.6,31175.6,50000.0,3.9547,2.2962,7.9612,65.73,0.0,100.0,True,run3,ibench-llc,part1-experiments/run3/ibench-llc.txt
read,2518.7,1177.9,202.4,1900.5,1957.5,2212.5,2330.0,2400.1,2488.7,2594.8,2902.0,4372.7,7996.6,10194.0,14838.0,28511.0,55000.0,4.3727,2.5187,7.9966,65.73,0.0,100.0,True,run3,ibench-llc,part1-experiments/run3/ibench-llc.txt
read,2644.3,1195.2,148.8,1975.9,2055.2,2320.2,2459.4,2546.2,2648.1,2784.8,3153.5,4716.3,8006.6,10232.1,14746.4,27139.2,60000.0,4.7163,2.6443000000000003,8.0066,65.73,0.0,100.0,True,run3,ibench-llc,part1-experiments/run3/ibench-llc.txt
read,2479.4,1145.1,297.4,1841.7,1922.0,2191.7,2322.8,2399.6,2490.3,2602.5,2885.0,4229.6,7974.7,10016.3,13441.0,28883.8,65000.0,4.2296000000000005,2.4794,7.9746999999999995,65.73,0.0,100.0,True,run3,ibench-llc,part1-experiments/run3/ibench-llc.txt
read,2528.5,1186.8,218.6,1816.1,1904.3,2185.4,2356.8,2502.9,2634.7,2845.8,3254.8,4271.5,7979.2,10767.4,14913.3,28389.6,70000.0,4.2715,2.5285,7.9792,65.73,0.0,100.0,True,run3,ibench-llc,part1-experiments/run3/ibench-llc.txt
read,2503.4,1170.4,202.4,1799.0,1897.7,2172.2,2329.6,2450.9,2555.4,2752.7,3218.5,4338.6,7968.5,9920.4,13639.6,28588.8,75000.0,4.3386000000000005,2.5034,7.9685,65.73,0.0,100.0,True,run3,ibench-llc,part1-experiments/run3/ibench-llc.txt
read,2365.0,1126.3,255.0,1761.1,1828.7,2085.0,2189.9,2290.8,2361.8,2494.3,2750.7,3967.6,7949.3,9982.5,13230.6,30344.4,80000.0,3.9676,2.365,7.9493,65.73,0.0,100.0,True,run3,ibench-llc,part1-experiments/run3/ibench-llc.txt
read,285.7,120.9,118.1,188.8,203.5,270.4,298.5,315.6,328.7,344.3,366.7,403.2,589.2,1842.6,3358.9,5020.0,5000.0,0.4032,0.2857,0.5892000000000001,66.2,1.0,100.0,True,run3,ibench-membw,part1-experiments/run3/ibench-membw.txt
read,318.9,184.5,93.8,186.6,206.8,301.1,338.2,359.6,374.5,393.6,418.1,460.2,724.1,2738.7,7225.5,10020.8,10000.0,0.4602,0.31889999999999996,0.7241000000000001,66.2,1.0,100.0,True,run3,ibench-membw,part1-experiments/run3/ibench-membw.txt
read,391.3,510.6,101.3,180.4,206.8,331.2,378.3,404.1,425.5,451.3,489.2,573.6,2032.4,7758.4,8861.4,14989.2,15000.0,0.5736,0.39130000000000004,2.0324,66.2,1.0,100.0,True,run3,ibench-membw,part1-experiments/run3/ibench-membw.txt
read,395.6,394.2,93.8,176.0,202.4,348.3,404.7,436.7,462.1,495.2,546.6,640.7,1456.3,7149.2,9496.9,19982.4,20000.0,0.6407,0.3956,1.4563,66.2,1.0,100.0,True,run3,ibench-membw,part1-experiments/run3/ibench-membw.txt
read,476.1,607.6,93.8,179.2,209.0,377.3,449.4,495.5,536.5,591.9,668.2,920.7,2435.7,7966.8,14513.5,24918.6,25000.0,0.9207000000000001,0.4761,2.4356999999999998,66.2,1.0,100.0,True,run3,ibench-membw,part1-experiments/run3/ibench-membw.txt
read,428.4,439.1,93.8,171.4,199.7,365.6,438.4,484.5,522.5,571.7,627.0,739.6,1515.8,7038.5,9914.8,30015.2,30000.0,0.7396,0.4284,1.5158,66.2,1.0,100.0,True,run3,ibench-membw,part1-experiments/run3/ibench-membw.txt
read,467.4,438.8,86.8,174.5,207.8,389.2,478.3,540.1,585.2,633.7,708.2,908.1,1720.4,6827.2,9174.0,34901.1,35000.0,0.9081,0.4674,1.7204000000000002,66.2,1.0,100.0,True,run3,ibench-membw,part1-experiments/run3/ibench-membw.txt
read,531.1,420.8,86.8,188.5,229.6,443.2,565.0,629.5,681.5,756.0,878.4,1098.3,1935.6,6256.8,8798.5,39930.1,40000.0,1.0983,0.5311,1.9356,66.2,1.0,100.0,True,run3,ibench-membw,part1-experiments/run3/ibench-membw.txt
read,1574.4,879.6,127.6,1138.9,1200.5,1374.5,1458.8,1507.5,1575.4,1676.8,1967.9,2665.7,7624.2,8324.9,10852.6,43918.4,45000.0,2.6656999999999997,1.5744,7.6242,66.2,1.0,100.0,True,run3,ibench-membw,part1-experiments/run3/ibench-membw.txt
read,1621.6,951.1,187.4,1150.1,1203.0,1380.1,1476.3,1556.4,1629.0,1764.9,2212.9,2738.8,7656.0,9473.9,12588.5,43054.6,50000.0,2.7388000000000003,1.6216,7.656,66.2,1.0,100.0,True,run3,ibench-membw,part1-experiments/run3/ibench-membw.txt
read,1639.4,917.9,148.8,1190.1,1225.9,1419.9,1508.3,1586.4,1654.8,1765.7,2111.0,2745.7,7641.5,8990.6,13111.9,42583.4,55000.0,2.7457,1.6394000000000002,7.6415,66.2,1.0,100.0,True,run3,ibench-membw,part1-experiments/run3/ibench-membw.txt
read,1596.1,940.3,160.7,1128.1,1185.5,1360.4,1457.8,1529.4,1602.4,1726.5,2194.3,2701.4,7656.6,8961.6,11005.5,43784.4,60000.0,2.7014,1.5960999999999999,7.6566,66.2,1.0,100.0,True,run3,ibench-membw,part1-experiments/run3/ibench-membw.txt
read,1650.9,939.6,173.5,1198.1,1241.1,1428.2,1508.4,1582.3,1642.4,1744.4,2057.2,2771.4,7697.7,8798.3,12888.4,42401.2,65000.0,2.7714000000000003,1.6509,7.6977,66.2,1.0,100.0,True,run3,ibench-membw,part1-experiments/run3/ibench-membw.txt
read,1666.8,962.7,160.7,1216.2,1271.1,1443.6,1521.4,1583.2,1629.9,1732.4,2017.4,2808.5,7734.0,9426.5,14290.9,42162.4,70000.0,2.8085,1.6668,7.734,66.2,1.0,100.0,True,run3,ibench-membw,part1-experiments/run3/ibench-membw.txt
read,1551.0,863.2,173.5,1117.8,1170.0,1344.0,1426.2,1482.1,1548.3,1663.2,2174.2,2627.6,7557.2,8130.6,10086.1,44808.8,75000.0,2.6275999999999997,1.551,7.5572,66.2,1.0,100.0,True,run3,ibench-membw,part1-experiments/run3/ibench-membw.txt
read,1551.6,862.8,202.4,1119.6,1172.7,1348.2,1431.0,1484.7,1552.5,1666.9,2116.3,2627.0,7560.2,8888.9,11426.7,44827.8,80000.0,2.627,1.5515999999999999,7.5602,66.2,1.0,100.0,True,run3,ibench-membw,part1-experiments/run3/ibench-membw.txt
